program,target_header,stage_name,data_element_name,source_value,dhis2_value,transform,notes,org_unit,source_concept_name,source_concept_uuid
Maternal Inpatient Data/aLoraiFNkng,APH CHART :: Abdominal Pain APH,APH CHART,Abdominal Pain APH,Absent,Absent,,,,Abdominal Pain,2a9e5da0-1d9c-4453-927a-b3ba22425a8c
Maternal Inpatient Data/aLoraiFNkng,APH CHART :: Abdominal Pain APH,APH CHART,Abdominal Pain APH,Present,Present,,,,Abdominal Pain,2a9e5da0-1d9c-4453-927a-b3ba22425a8c
Maternal Inpatient Data/aLoraiFNkng,APH CHART :: Abdominal Tenderness APH,APH CHART,Abdominal Tenderness APH,Absent,Absent,,,,Abdominal Tenderness,300b738a-d53d-4981-bbaf-ccf31af25eaa
Maternal Inpatient Data/aLoraiFNkng,APH CHART :: Abdominal Tenderness APH,APH CHART,Abdominal Tenderness APH,Present,Present,,,,Abdominal Tenderness,300b738a-d53d-4981-bbaf-ccf31af25eaa
Maternal Inpatient Data/aLoraiFNkng,APH CHART :: Vaginal bleeding APH,APH CHART,Vaginal bleeding APH,Mild,Mild,,,,Vaginal bleeding,016c57e6-7256-48fc-b408-11d2c024d0f0
Maternal Inpatient Data/aLoraiFNkng,APH CHART :: Vaginal bleeding APH,APH CHART,Vaginal bleeding APH,Moderate,Moderate,,,,Vaginal bleeding,016c57e6-7256-48fc-b408-11d2c024d0f0
Maternal Inpatient Data/aLoraiFNkng,APH CHART :: Vaginal bleeding APH,APH CHART,Vaginal bleeding APH,None,None,,,,Vaginal bleeding,016c57e6-7256-48fc-b408-11d2c024d0f0
Maternal Inpatient Data/aLoraiFNkng,APH CHART :: Vaginal bleeding APH,APH CHART,Vaginal bleeding APH,Severe,Severe,,,,Vaginal bleeding,016c57e6-7256-48fc-b408-11d2c024d0f0
Maternal Inpatient Data/aLoraiFNkng,Delivery Monitoring partograph :: Amniotic fluid DMP,Delivery Monitoring partograph,Amniotic fluid DMP,A,A,,,,Amniotic fluid,16acc544-4a70-4316-b824-9df0ca8772d3
Maternal Inpatient Data/aLoraiFNkng,Delivery Monitoring partograph :: Amniotic fluid DMP,Delivery Monitoring partograph,Amniotic fluid DMP,B,B,,,,Amniotic fluid,16acc544-4a70-4316-b824-9df0ca8772d3
Maternal Inpatient Data/aLoraiFNkng,Delivery Monitoring partograph :: Amniotic fluid DMP,Delivery Monitoring partograph,Amniotic fluid DMP,C,C,,,,Amniotic fluid,16acc544-4a70-4316-b824-9df0ca8772d3
Maternal Inpatient Data/aLoraiFNkng,Delivery Monitoring partograph :: Amniotic fluid DMP,Delivery Monitoring partograph,Amniotic fluid DMP,I,I,,,,Amniotic fluid,16acc544-4a70-4316-b824-9df0ca8772d3
Maternal Inpatient Data/aLoraiFNkng,Delivery Monitoring partograph :: Amniotic fluid DMP,Delivery Monitoring partograph,Amniotic fluid DMP,M,M,,,,Amniotic fluid,16acc544-4a70-4316-b824-9df0ca8772d3
Maternal Inpatient Data/aLoraiFNkng,Delivery Monitoring partograph :: Cervix cm DMP,Delivery Monitoring partograph,Cervix cm DMP,10,10,,,,Cervix (cm),e915c1f3-7e4b-4013-bc5c-e93504730949
Maternal Inpatient Data/aLoraiFNkng,Delivery Monitoring partograph :: Cervix cm DMP,Delivery Monitoring partograph,Cervix cm DMP,4,4,,,,Cervix (cm),e915c1f3-7e4b-4013-bc5c-e93504730949
Maternal Inpatient Data/aLoraiFNkng,Delivery Monitoring partograph :: Cervix cm DMP,Delivery Monitoring partograph,Cervix cm DMP,5,5,,,,Cervix (cm),e915c1f3-7e4b-4013-bc5c-e93504730949
Maternal Inpatient Data/aLoraiFNkng,Delivery Monitoring partograph :: Cervix cm DMP,Delivery Monitoring partograph,Cervix cm DMP,6,6,,,,Cervix (cm),e915c1f3-7e4b-4013-bc5c-e93504730949
Maternal Inpatient Data/aLoraiFNkng,Delivery Monitoring partograph :: Cervix cm DMP,Delivery Monitoring partograph,Cervix cm DMP,7,7,,,,Cervix (cm),e915c1f3-7e4b-4013-bc5c-e93504730949
Maternal Inpatient Data/aLoraiFNkng,Delivery Monitoring partograph :: Cervix cm DMP,Delivery Monitoring partograph,Cervix cm DMP,8,8,,,,Cervix (cm),e915c1f3-7e4b-4013-bc5c-e93504730949
Maternal Inpatient Data/aLoraiFNkng,Delivery Monitoring partograph :: Cervix cm DMP,Delivery Monitoring partograph,Cervix cm DMP,9,9,,,,Cervix (cm),e915c1f3-7e4b-4013-bc5c-e93504730949
Maternal Inpatient Data/aLoraiFNkng,Delivery Monitoring partograph :: Contraction DMP,Delivery Monitoring partograph,Contraction DMP,1,1,,,,Contraction (per 10 min),b6b651bd-7b8b-48b4-927b-306fd67807d4
Maternal Inpatient Data/aLoraiFNkng,Delivery Monitoring partograph :: Contraction DMP,Delivery Monitoring partograph,Contraction DMP,2,2,,,,Contraction (per 10 min),b6b651bd-7b8b-48b4-927b-306fd67807d4
Maternal Inpatient Data/aLoraiFNkng,Delivery Monitoring partograph :: Contraction DMP,Delivery Monitoring partograph,Contraction DMP,3,3,,,,Contraction (per 10 min),b6b651bd-7b8b-48b4-927b-306fd67807d4
Maternal Inpatient Data/aLoraiFNkng,Delivery Monitoring partograph :: Contraction DMP,Delivery Monitoring partograph,Contraction DMP,4,4,,,,Contraction (per 10 min),b6b651bd-7b8b-48b4-927b-306fd67807d4
Maternal Inpatient Data/aLoraiFNkng,Delivery Monitoring partograph :: Contraction DMP,Delivery Monitoring partograph,Contraction DMP,5,5,,,,Contraction (per 10 min),b6b651bd-7b8b-48b4-927b-306fd67807d4
Maternal Inpatient Data/aLoraiFNkng,Delivery Monitoring partograph :: Fetal Heart Rate DMP,Delivery Monitoring partograph,Fetal Heart Rate DMP,100,100,,,,Fetal Heart Rate,162994c2-4ec8-4118-819f-2711d342a884
Maternal Inpatient Data/aLoraiFNkng,Delivery Monitoring partograph :: Fetal Heart Rate DMP,Delivery Monitoring partograph,Fetal Heart Rate DMP,110,110,,,,Fetal Heart Rate,162994c2-4ec8-4118-819f-2711d342a884
Maternal Inpatient Data/aLoraiFNkng,Delivery Monitoring partograph :: Fetal Heart Rate DMP,Delivery Monitoring partograph,Fetal Heart Rate DMP,120,120,,,,Fetal Heart Rate,162994c2-4ec8-4118-819f-2711d342a884
Maternal Inpatient Data/aLoraiFNkng,Delivery Monitoring partograph :: Fetal Heart Rate DMP,Delivery Monitoring partograph,Fetal Heart Rate DMP,130,130,,,,Fetal Heart Rate,162994c2-4ec8-4118-819f-2711d342a884
Maternal Inpatient Data/aLoraiFNkng,Delivery Monitoring partograph :: Fetal Heart Rate DMP,Delivery Monitoring partograph,Fetal Heart Rate DMP,140,140,,,,Fetal Heart Rate,162994c2-4ec8-4118-819f-2711d342a884
Maternal Inpatient Data/aLoraiFNkng,Delivery Monitoring partograph :: Fetal Heart Rate DMP,Delivery Monitoring partograph,Fetal Heart Rate DMP,150,150,,,,Fetal Heart Rate,162994c2-4ec8-4118-819f-2711d342a884
Maternal Inpatient Data/aLoraiFNkng,Delivery Monitoring partograph :: Fetal Heart Rate DMP,Delivery Monitoring partograph,Fetal Heart Rate DMP,160,160,,,,Fetal Heart Rate,162994c2-4ec8-4118-819f-2711d342a884
Maternal Inpatient Data/aLoraiFNkng,Delivery Monitoring partograph :: Fetal Heart Rate DMP,Delivery Monitoring partograph,Fetal Heart Rate DMP,170,170,,,,Fetal Heart Rate,162994c2-4ec8-4118-819f-2711d342a884
Maternal Inpatient Data/aLoraiFNkng,Delivery Monitoring partograph :: Fetal Heart Rate DMP,Delivery Monitoring partograph,Fetal Heart Rate DMP,180,180,,,,Fetal Heart Rate,162994c2-4ec8-4118-819f-2711d342a884
Maternal Inpatient Data/aLoraiFNkng,Delivery Monitoring partograph :: Fetal Heart Rate DMP,Delivery Monitoring partograph,Fetal Heart Rate DMP,190,190,,,,Fetal Heart Rate,162994c2-4ec8-4118-819f-2711d342a884
Maternal Inpatient Data/aLoraiFNkng,Delivery Monitoring partograph :: Fetal Heart Rate DMP,Delivery Monitoring partograph,Fetal Heart Rate DMP,200,200,,,,Fetal Heart Rate,162994c2-4ec8-4118-819f-2711d342a884
Maternal Inpatient Data/aLoraiFNkng,Delivery Monitoring partograph :: Fetal Heart Rate DMP,Delivery Monitoring partograph,Fetal Heart Rate DMP,80,80,,,,Fetal Heart Rate,162994c2-4ec8-4118-819f-2711d342a884
Maternal Inpatient Data/aLoraiFNkng,Delivery Monitoring partograph :: Fetal Heart Rate DMP,Delivery Monitoring partograph,Fetal Heart Rate DMP,90,90,,,,Fetal Heart Rate,162994c2-4ec8-4118-819f-2711d342a884
Maternal Inpatient Data/aLoraiFNkng,Delivery Monitoring partograph :: Moulding DMP,Delivery Monitoring partograph,Moulding DMP,+1,+1,,,,Moulding,b3c027a2-877d-4b83-9f6d-4312852a8ec4
Maternal Inpatient Data/aLoraiFNkng,Delivery Monitoring partograph :: Moulding DMP,Delivery Monitoring partograph,Moulding DMP,+2,+2,,,,Moulding,b3c027a2-877d-4b83-9f6d-4312852a8ec4
Maternal Inpatient Data/aLoraiFNkng,Delivery Monitoring partograph :: Moulding DMP,Delivery Monitoring partograph,Moulding DMP,+3,+3,,,,Moulding,b3c027a2-877d-4b83-9f6d-4312852a8ec4
Maternal Inpatient Data/aLoraiFNkng,Delivery Monitoring partograph :: Moulding DMP,Delivery Monitoring partograph,Moulding DMP,0,0,,,,Moulding,b3c027a2-877d-4b83-9f6d-4312852a8ec4
Maternal Inpatient Data/aLoraiFNkng,Delivery Monitoring partograph :: Protein in Urine DMP,Delivery Monitoring partograph,Protein in Urine DMP,1+,1+,,,,Protein in Urine,48deeea1-8586-4696-ac15-dc415ed6ad8f
Maternal Inpatient Data/aLoraiFNkng,Delivery Monitoring partograph :: Protein in Urine DMP,Delivery Monitoring partograph,Protein in Urine DMP,2+,2+,,,,Protein in Urine,48deeea1-8586-4696-ac15-dc415ed6ad8f
Maternal Inpatient Data/aLoraiFNkng,Delivery Monitoring partograph :: Protein in Urine DMP,Delivery Monitoring partograph,Protein in Urine DMP,3+,3+,,,,Protein in Urine,48deeea1-8586-4696-ac15-dc415ed6ad8f
Maternal Inpatient Data/aLoraiFNkng,Delivery Monitoring partograph :: Protein in Urine DMP,Delivery Monitoring partograph,Protein in Urine DMP,4+,4+,,,,Protein in Urine,48deeea1-8586-4696-ac15-dc415ed6ad8f
Maternal Inpatient Data/aLoraiFNkng,Delivery Monitoring partograph :: Protein in Urine DMP,Delivery Monitoring partograph,Protein in Urine DMP,Negative,Negative,,,,Protein in Urine,48deeea1-8586-4696-ac15-dc415ed6ad8f
Maternal Inpatient Data/aLoraiFNkng,Delivery Monitoring partograph :: Protein in Urine DMP,Delivery Monitoring partograph,Protein in Urine DMP,Trace,Trace,,,,Protein in Urine,48deeea1-8586-4696-ac15-dc415ed6ad8f
Maternal Inpatient Data/aLoraiFNkng,Delivery Monitoring partograph :: Ruptured Membranes DMP,Delivery Monitoring partograph,Ruptured Membranes DMP,No,No,,,,Ruptured Membranes,db6269b4-3402-408f-b241-9ce63816ba67
Maternal Inpatient Data/aLoraiFNkng,Delivery Monitoring partograph :: Ruptured Membranes DMP,Delivery Monitoring partograph,Ruptured Membranes DMP,Yes,Yes,,,,Ruptured Membranes,db6269b4-3402-408f-b241-9ce63816ba67
Maternal Inpatient Data/aLoraiFNkng,Delivery summary :: birth outcome,Delivery summary,birth outcome,Alive,Alive,,,,Outcome,a706f386-aba3-4011-9f52-26ccd3658221
Maternal Inpatient Data/aLoraiFNkng,Delivery summary :: birth outcome,Delivery summary,birth outcome,Stillbirth,Stillbirth,,,,Outcome,a706f386-aba3-4011-9f52-26ccd3658221
Maternal Inpatient Data/aLoraiFNkng,Delivery summary :: birth outcome newborn 2,Delivery summary,birth outcome newborn 2,Alive,Alive,,,,Outcome of newborn 2,ca3a850c-a8d8-4b0b-b62f-e5211b92d951
Maternal Inpatient Data/aLoraiFNkng,Delivery summary :: birth outcome newborn 2,Delivery summary,birth outcome newborn 2,Stillbirth,Stillbirth,,,,Outcome of newborn 2,ca3a850c-a8d8-4b0b-b62f-e5211b92d951
Maternal Inpatient Data/aLoraiFNkng,Delivery summary :: birth outcome newborn 3,Delivery summary,birth outcome newborn 3,Alive,Alive,,,,Outcome of newborn 3,2db1eca7-df40-419a-9a8f-6921dfd02b42
Maternal Inpatient Data/aLoraiFNkng,Delivery summary :: birth outcome newborn 3,Delivery summary,birth outcome newborn 3,Stillbirth,Stillbirth,,,,Outcome of newborn 3,2db1eca7-df40-419a-9a8f-6921dfd02b42
Maternal Inpatient Data/aLoraiFNkng,Delivery summary :: birth outcome newborn 4,Delivery summary,birth outcome newborn 4,Alive,Alive,,,,Outcome of newborn 4,87d7ff42-c666-4be4-8284-c77354fc8377
Maternal Inpatient Data/aLoraiFNkng,Delivery summary :: birth outcome newborn 4,Delivery summary,birth outcome newborn 4,Stillbirth,Stillbirth,,,,Outcome of newborn 4,87d7ff42-c666-4be4-8284-c77354fc8377
Maternal Inpatient Data/aLoraiFNkng,Delivery summary :: Controlled Cord Traction (CCT),Delivery summary,Controlled Cord Traction (CCT),No,No,,,,Controlled Cord Traction (CCT):,5df246df-6d2b-411a-8af2-ef7219066189
Maternal Inpatient Data/aLoraiFNkng,Delivery summary :: Controlled Cord Traction (CCT),Delivery summary,Controlled Cord Traction (CCT),Yes,Yes,,,,Controlled Cord Traction (CCT):,5df246df-6d2b-411a-8af2-ef7219066189
Maternal Inpatient Data/aLoraiFNkng,Delivery summary :: Episiotomy performed,Delivery summary,Episiotomy performed,No,No,,,,Episiotomy performed:,4dd776d1-6818-44fa-929a-b59b8c6f86ca
Maternal Inpatient Data/aLoraiFNkng,Delivery summary :: Episiotomy performed,Delivery summary,Episiotomy performed,Yes,Yes,,,,Episiotomy performed:,4dd776d1-6818-44fa-929a-b59b8c6f86ca
Maternal Inpatient Data/aLoraiFNkng,Delivery summary :: Feeding Option,Delivery summary,Feeding Option,EBF – Exclusive Breastfeeding,EBF – Exclusive Breastfeeding,,,,Feeding Option,80bcb137-fbf4-416d-8e2b-b1d5b9b80ba3
Maternal Inpatient Data/aLoraiFNkng,Delivery summary :: Feeding Option,Delivery summary,Feeding Option,ERF - Exclusive Replacement Feeding,ERF - Exclusive Replacement Feeding,,,,Feeding Option,80bcb137-fbf4-416d-8e2b-b1d5b9b80ba3
Maternal Inpatient Data/aLoraiFNkng,Delivery summary :: Feeding Option,Delivery summary,Feeding Option,Mixed,Mixed,,,,Feeding Option,80bcb137-fbf4-416d-8e2b-b1d5b9b80ba3
Maternal Inpatient Data/aLoraiFNkng,Delivery summary :: Gestation,Delivery summary,Gestation,Postterm,Postterm,,,,Gestation:,1fdd8463-fb3e-45b8-8fab-1cff5de29a43
Maternal Inpatient Data/aLoraiFNkng,Delivery summary :: Gestation,Delivery summary,Gestation,Preterm,Preterm,,,,Gestation:,1fdd8463-fb3e-45b8-8fab-1cff5de29a43
Maternal Inpatient Data/aLoraiFNkng,Delivery summary :: Gestation,Delivery summary,Gestation,Term,Term,,,,Gestation:,1fdd8463-fb3e-45b8-8fab-1cff5de29a43
Maternal Inpatient Data/aLoraiFNkng,Delivery summary :: HIV Result,Delivery summary,HIV Result,+ve,+ve,,,,HIV Result:,1d55075b-3c87-46b8-b701-c2bcf63edf61
Maternal Inpatient Data/aLoraiFNkng,Delivery summary :: HIV Result,Delivery summary,HIV Result,-Ve,-Ve,,,,HIV Result:,1d55075b-3c87-46b8-b701-c2bcf63edf61
Maternal Inpatient Data/aLoraiFNkng,Delivery summary :: HIV Testing Accepted,Delivery summary,HIV Testing Accepted,No,No,,,,HIV Testing Accepted:,77dac6e4-26e6-4d94-8ace-571a31c57da7
Maternal Inpatient Data/aLoraiFNkng,Delivery summary :: HIV Testing Accepted,Delivery summary,HIV Testing Accepted,Yes,Yes,,,,HIV Testing Accepted:,77dac6e4-26e6-4d94-8ace-571a31c57da7
Maternal Inpatient Data/aLoraiFNkng,Delivery summary :: Laceration Repair,Delivery summary,Laceration Repair,1st degree,1st degree,,,,Laceration Repair:,df5c41c0-5e60-4097-9f02-330563c792c1
Maternal Inpatient Data/aLoraiFNkng,Delivery summary :: Laceration Repair,Delivery summary,Laceration Repair,2nd degree,2nd degree,,,,Laceration Repair:,df5c41c0-5e60-4097-9f02-330563c792c1
Maternal Inpatient Data/aLoraiFNkng,Delivery summary :: Laceration Repair,Delivery summary,Laceration Repair,3rd degree,3rd degree,,,,Laceration Repair:,df5c41c0-5e60-4097-9f02-330563c792c1
Maternal Inpatient Data/aLoraiFNkng,Delivery summary :: Laceration Repair,Delivery summary,Laceration Repair,None,None,,,,Laceration Repair:,df5c41c0-5e60-4097-9f02-330563c792c1
Maternal Inpatient Data/aLoraiFNkng,Delivery summary :: Manual Removal of Placenta (MRP),Delivery summary,Manual Removal of Placenta (MRP),No,No,,,,Manual Removal of Placenta (MRP),343103c9-74f9-45ab-a09f-64e59358d58d
Maternal Inpatient Data/aLoraiFNkng,Delivery summary :: Manual Removal of Placenta (MRP),Delivery summary,Manual Removal of Placenta (MRP),Yes,Yes,,,,Manual Removal of Placenta (MRP),343103c9-74f9-45ab-a09f-64e59358d58d
Maternal Inpatient Data/aLoraiFNkng,Delivery summary :: Measures Taken,Delivery summary,Measures Taken,Death,Death,,,,Measures Taken,c8e448f8-958c-4544-91ae-3cd534746e6c
Maternal Inpatient Data/aLoraiFNkng,Delivery summary :: Measures Taken,Delivery summary,Measures Taken,Managed at facility,Managed at facility,,,,Measures Taken,c8e448f8-958c-4544-91ae-3cd534746e6c
Maternal Inpatient Data/aLoraiFNkng,Delivery summary :: Measures Taken,Delivery summary,Measures Taken,Referral,Referral,,,,Measures Taken,c8e448f8-958c-4544-91ae-3cd534746e6c
Maternal Inpatient Data/aLoraiFNkng,Delivery summary :: Mode of Delivery maternal,Delivery summary,Mode of Delivery maternal,Cesarean Section (C-section),Cesarean Section (C-section),,,,Mode of Delivery,3703112b-dccc-4aaa-98da-7d94da7d2fea
Maternal Inpatient Data/aLoraiFNkng,Delivery summary :: Mode of Delivery maternal,Delivery summary,Mode of Delivery maternal,Spontaneous Vaginal Delivery (SVD),Spontaneous Vaginal Delivery (SVD),,,,Mode of Delivery,3703112b-dccc-4aaa-98da-7d94da7d2fea
Maternal Inpatient Data/aLoraiFNkng,Delivery summary :: Mother and newborn referred for care/support,Delivery summary,Mother and newborn referred for care/support,No,No,,,,Mother and newborn referred for care/support?,380ffa26-a1f4-487f-9db4-bbc5e1074f20
Maternal Inpatient Data/aLoraiFNkng,Delivery summary :: Mother and newborn referred for care/support,Delivery summary,Mother and newborn referred for care/support,Yes,Yes,,,,Mother and newborn referred for care/support?,380ffa26-a1f4-487f-9db4-bbc5e1074f20
Maternal Inpatient Data/aLoraiFNkng,Delivery summary :: Newborn Immunizations and Interventions,Delivery summary,Newborn Immunizations and Interventions,Hepatitis B birth dose,Hepatitis B birth dose,,,,Newborn Immunizations and Interventions,d2c00057-1a75-4827-b1ea-9bf93f77f80c
Maternal Inpatient Data/aLoraiFNkng,Delivery summary :: Newborn Immunizations and Interventions,Delivery summary,Newborn Immunizations and Interventions,IBF,IBF,,,,Newborn Immunizations and Interventions,d2c00057-1a75-4827-b1ea-9bf93f77f80c
Maternal Inpatient Data/aLoraiFNkng,Delivery summary :: Newborn Immunizations and Interventions,Delivery summary,Newborn Immunizations and Interventions,None,None,,,,Newborn Immunizations and Interventions,d2c00057-1a75-4827-b1ea-9bf93f77f80c
Maternal Inpatient Data/aLoraiFNkng,Delivery summary :: Newborn Immunizations and Interventions,Delivery summary,Newborn Immunizations and Interventions,Polio 0 (birth dose),Polio 0 (birth dose),,,,Newborn Immunizations and Interventions,d2c00057-1a75-4827-b1ea-9bf93f77f80c
Maternal Inpatient Data/aLoraiFNkng,Delivery summary :: Newborn Immunizations and Interventions,Delivery summary,Newborn Immunizations and Interventions,Skin-to-skin contact,Skin-to-skin contact,,,,Newborn Immunizations and Interventions,d2c00057-1a75-4827-b1ea-9bf93f77f80c
Maternal Inpatient Data/aLoraiFNkng,Delivery summary :: Newborn Immunizations and Interventions,Delivery summary,Newborn Immunizations and Interventions,Tetracycline (TTC) eye ointment,Tetracycline (TTC) eye ointment,,,,Newborn Immunizations and Interventions,d2c00057-1a75-4827-b1ea-9bf93f77f80c
Maternal Inpatient Data/aLoraiFNkng,Delivery summary :: Newborn Immunizations and Interventions,Delivery summary,Newborn Immunizations and Interventions,Vitamin K injection,Vitamin K injection,,,,Newborn Immunizations and Interventions,d2c00057-1a75-4827-b1ea-9bf93f77f80c
Maternal Inpatient Data/aLoraiFNkng,Delivery summary :: Newborn Immunizations and Interventions newborn 2,Delivery summary,Newborn Immunizations and Interventions newborn 2,Hepatitis B birth dose,Hepatitis B birth dose,,,,Newborn Immunizations and Interventions newborn 2,865a3f0e-0481-4ea7-8379-66629c7a49cf
Maternal Inpatient Data/aLoraiFNkng,Delivery summary :: Newborn Immunizations and Interventions newborn 2,Delivery summary,Newborn Immunizations and Interventions newborn 2,IBF,IBF,,,,Newborn Immunizations and Interventions newborn 2,865a3f0e-0481-4ea7-8379-66629c7a49cf
Maternal Inpatient Data/aLoraiFNkng,Delivery summary :: Newborn Immunizations and Interventions newborn 2,Delivery summary,Newborn Immunizations and Interventions newborn 2,None,None,,,,Newborn Immunizations and Interventions newborn 2,865a3f0e-0481-4ea7-8379-66629c7a49cf
Maternal Inpatient Data/aLoraiFNkng,Delivery summary :: Newborn Immunizations and Interventions newborn 2,Delivery summary,Newborn Immunizations and Interventions newborn 2,Polio 0 (birth dose),Polio 0 (birth dose),,,,Newborn Immunizations and Interventions newborn 2,865a3f0e-0481-4ea7-8379-66629c7a49cf
Maternal Inpatient Data/aLoraiFNkng,Delivery summary :: Newborn Immunizations and Interventions newborn 2,Delivery summary,Newborn Immunizations and Interventions newborn 2,Skin-to-skin contact,Skin-to-skin contact,,,,Newborn Immunizations and Interventions newborn 2,865a3f0e-0481-4ea7-8379-66629c7a49cf
Maternal Inpatient Data/aLoraiFNkng,Delivery summary :: Newborn Immunizations and Interventions newborn 2,Delivery summary,Newborn Immunizations and Interventions newborn 2,Tetracycline (TTC) eye ointment,Tetracycline (TTC) eye ointment,,,,Newborn Immunizations and Interventions newborn 2,865a3f0e-0481-4ea7-8379-66629c7a49cf
Maternal Inpatient Data/aLoraiFNkng,Delivery summary :: Newborn Immunizations and Interventions newborn 2,Delivery summary,Newborn Immunizations and Interventions newborn 2,Vitamin K injection,Vitamin K injection,,,,Newborn Immunizations and Interventions newborn 2,865a3f0e-0481-4ea7-8379-66629c7a49cf
Maternal Inpatient Data/aLoraiFNkng,Delivery summary :: Newborn Immunizations and Interventions newborn 3,Delivery summary,Newborn Immunizations and Interventions newborn 3,Hepatitis B birth dose,Hepatitis B birth dose,,,,Newborn Immunizations and Interventions newborn 3,82d49bfd-ccb1-4527-96d9-1057791183e9
Maternal Inpatient Data/aLoraiFNkng,Delivery summary :: Newborn Immunizations and Interventions newborn 3,Delivery summary,Newborn Immunizations and Interventions newborn 3,IBF,IBF,,,,Newborn Immunizations and Interventions newborn 3,82d49bfd-ccb1-4527-96d9-1057791183e9
Maternal Inpatient Data/aLoraiFNkng,Delivery summary :: Newborn Immunizations and Interventions newborn 3,Delivery summary,Newborn Immunizations and Interventions newborn 3,None,None,,,,Newborn Immunizations and Interventions newborn 3,82d49bfd-ccb1-4527-96d9-1057791183e9
Maternal Inpatient Data/aLoraiFNkng,Delivery summary :: Newborn Immunizations and Interventions newborn 3,Delivery summary,Newborn Immunizations and Interventions newborn 3,Polio 0 (birth dose),Polio 0 (birth dose),,,,Newborn Immunizations and Interventions newborn 3,82d49bfd-ccb1-4527-96d9-1057791183e9
Maternal Inpatient Data/aLoraiFNkng,Delivery summary :: Newborn Immunizations and Interventions newborn 3,Delivery summary,Newborn Immunizations and Interventions newborn 3,Skin-to-skin contact,Skin-to-skin contact,,,,Newborn Immunizations and Interventions newborn 3,82d49bfd-ccb1-4527-96d9-1057791183e9
Maternal Inpatient Data/aLoraiFNkng,Delivery summary :: Newborn Immunizations and Interventions newborn 3,Delivery summary,Newborn Immunizations and Interventions newborn 3,Tetracycline (TTC) eye ointment,Tetracycline (TTC) eye ointment,,,,Newborn Immunizations and Interventions newborn 3,82d49bfd-ccb1-4527-96d9-1057791183e9
Maternal Inpatient Data/aLoraiFNkng,Delivery summary :: Newborn Immunizations and Interventions newborn 3,Delivery summary,Newborn Immunizations and Interventions newborn 3,Vitamin K injection,Vitamin K injection,,,,Newborn Immunizations and Interventions newborn 3,82d49bfd-ccb1-4527-96d9-1057791183e9
Maternal Inpatient Data/aLoraiFNkng,Delivery summary :: Newborn Immunizations and Interventions newborn 4,Delivery summary,Newborn Immunizations and Interventions newborn 4,Hepatitis B birth dose,Hepatitis B birth dose,,,,Newborn Immunizations and Interventions newborn 4,2d84e276-de5f-4a5b-94fe-e16794dc09e3
Maternal Inpatient Data/aLoraiFNkng,Delivery summary :: Newborn Immunizations and Interventions newborn 4,Delivery summary,Newborn Immunizations and Interventions newborn 4,IBF,IBF,,,,Newborn Immunizations and Interventions newborn 4,2d84e276-de5f-4a5b-94fe-e16794dc09e3
Maternal Inpatient Data/aLoraiFNkng,Delivery summary :: Newborn Immunizations and Interventions newborn 4,Delivery summary,Newborn Immunizations and Interventions newborn 4,None,None,,,,Newborn Immunizations and Interventions newborn 4,2d84e276-de5f-4a5b-94fe-e16794dc09e3
Maternal Inpatient Data/aLoraiFNkng,Delivery summary :: Newborn Immunizations and Interventions newborn 4,Delivery summary,Newborn Immunizations and Interventions newborn 4,Polio 0 (birth dose),Polio 0 (birth dose),,,,Newborn Immunizations and Interventions newborn 4,2d84e276-de5f-4a5b-94fe-e16794dc09e3
Maternal Inpatient Data/aLoraiFNkng,Delivery summary :: Newborn Immunizations and Interventions newborn 4,Delivery summary,Newborn Immunizations and Interventions newborn 4,Skin-to-skin contact,Skin-to-skin contact,,,,Newborn Immunizations and Interventions newborn 4,2d84e276-de5f-4a5b-94fe-e16794dc09e3
Maternal Inpatient Data/aLoraiFNkng,Delivery summary :: Newborn Immunizations and Interventions newborn 4,Delivery summary,Newborn Immunizations and Interventions newborn 4,Tetracycline (TTC) eye ointment,Tetracycline (TTC) eye ointment,,,,Newborn Immunizations and Interventions newborn 4,2d84e276-de5f-4a5b-94fe-e16794dc09e3
Maternal Inpatient Data/aLoraiFNkng,Delivery summary :: Newborn Immunizations and Interventions newborn 4,Delivery summary,Newborn Immunizations and Interventions newborn 4,Vitamin K injection,Vitamin K injection,,,,Newborn Immunizations and Interventions newborn 4,2d84e276-de5f-4a5b-94fe-e16794dc09e3
Maternal Inpatient Data/aLoraiFNkng,Delivery summary :: Number of Newborns,Delivery summary,Number of Newborns,Other,other,,,,Number of Newborns:,b662adfb-afa7-49ab-b816-3cfd02799f35
Maternal Inpatient Data/aLoraiFNkng,Delivery summary :: Number of Newborns,Delivery summary,Number of Newborns,Single,Single,,,,Number of Newborns:,b662adfb-afa7-49ab-b816-3cfd02799f35
Maternal Inpatient Data/aLoraiFNkng,Delivery summary :: Number of Newborns,Delivery summary,Number of Newborns,Triplet,Triplet,,,,Number of Newborns:,b662adfb-afa7-49ab-b816-3cfd02799f35
Maternal Inpatient Data/aLoraiFNkng,Delivery summary :: Number of Newborns,Delivery summary,Number of Newborns,Twin,Twin,,,,Number of Newborns:,b662adfb-afa7-49ab-b816-3cfd02799f35
Maternal Inpatient Data/aLoraiFNkng,Delivery summary :: Obstetric condition at delivery,Delivery summary,Obstetric condition at delivery,Antepartum Hemorrhage (APH),Antepartum Hemorrhage (APH),,,,Obstetric condition at delivery,84ef57e6-450e-40d3-80ae-a82419f65d01
Maternal Inpatient Data/aLoraiFNkng,Delivery summary :: Obstetric condition at delivery,Delivery summary,Obstetric condition at delivery,Eclampsia,Eclampsia,,,,Obstetric condition at delivery,84ef57e6-450e-40d3-80ae-a82419f65d01
Maternal Inpatient Data/aLoraiFNkng,Delivery summary :: Obstetric condition at delivery,Delivery summary,Obstetric condition at delivery,Hysterectomy,Hysterectomy,,,,Obstetric condition at delivery,84ef57e6-450e-40d3-80ae-a82419f65d01
Maternal Inpatient Data/aLoraiFNkng,Delivery summary :: Obstetric condition at delivery,Delivery summary,Obstetric condition at delivery,None,None,,,,Obstetric condition at delivery,84ef57e6-450e-40d3-80ae-a82419f65d01
Maternal Inpatient Data/aLoraiFNkng,Delivery summary :: Obstetric condition at delivery,Delivery summary,Obstetric condition at delivery,Obstructed,Obstructed,,,,Obstetric condition at delivery,84ef57e6-450e-40d3-80ae-a82419f65d01
Maternal Inpatient Data/aLoraiFNkng,Delivery summary :: Obstetric condition at delivery,Delivery summary,Obstetric condition at delivery,other( specify),Other specify,,,,Obstetric condition at delivery,84ef57e6-450e-40d3-80ae-a82419f65d01
Maternal Inpatient Data/aLoraiFNkng,Delivery summary :: Obstetric condition at delivery,Delivery summary,Obstetric condition at delivery,Postpartum Hemorrhage (PPH),Postpartum Hemorrhage (PPH),,,,Obstetric condition at delivery,84ef57e6-450e-40d3-80ae-a82419f65d01
Maternal Inpatient Data/aLoraiFNkng,Delivery summary :: Obstetric condition at delivery,Delivery summary,Obstetric condition at delivery,Prolonged Labor.,Prolonged Labor,,,,Obstetric condition at delivery,84ef57e6-450e-40d3-80ae-a82419f65d01
Maternal Inpatient Data/aLoraiFNkng,Delivery summary :: Obstetric condition at delivery,Delivery summary,Obstetric condition at delivery,PROM / Sepsis,PROM / Sepsis,,,,Obstetric condition at delivery,84ef57e6-450e-40d3-80ae-a82419f65d01
Maternal Inpatient Data/aLoraiFNkng,Delivery summary :: Obstetric condition at delivery,Delivery summary,Obstetric condition at delivery,Repaired Uterus,Repaired Uterus,,,,Obstetric condition at delivery,84ef57e6-450e-40d3-80ae-a82419f65d01
Maternal Inpatient Data/aLoraiFNkng,Delivery summary :: Obstetric condition at delivery,Delivery summary,Obstetric condition at delivery,Ruptured Uterus,Ruptured Uterus,,,,Obstetric condition at delivery,84ef57e6-450e-40d3-80ae-a82419f65d01
Maternal Inpatient Data/aLoraiFNkng,Delivery summary :: Placenta Status,Delivery summary,Placenta Status,Complete,Complete,,,,Placenta Status,e53d09c3-61cb-435d-a643-6b1fd5c980be
Maternal Inpatient Data/aLoraiFNkng,Delivery summary :: Placenta Status,Delivery summary,Placenta Status,Incomplete,Incomplete,,,,Placenta Status,e53d09c3-61cb-435d-a643-6b1fd5c980be
Maternal Inpatient Data/aLoraiFNkng,Delivery summary :: Sex,Delivery summary,Sex,Female,Female,,,,Sex,94dc2f5e-5e3f-4cec-b76a-b33c55c728d2
Maternal Inpatient Data/aLoraiFNkng,Delivery summary :: Sex,Delivery summary,Sex,Indeterminate,Indeterminate,,,,Sex,94dc2f5e-5e3f-4cec-b76a-b33c55c728d2
Maternal Inpatient Data/aLoraiFNkng,Delivery summary :: Sex,Delivery summary,Sex,Male,Male,,,,Sex,94dc2f5e-5e3f-4cec-b76a-b33c55c728d2
Maternal Inpatient Data/aLoraiFNkng,Delivery summary :: Sex newborn 2,Delivery summary,Sex newborn 2,Female,Female,,,,Sex newborn 2,ce5f1b5e-50c9-4b1c-8775-3154ca0fec28
Maternal Inpatient Data/aLoraiFNkng,Delivery summary :: Sex newborn 2,Delivery summary,Sex newborn 2,Indeterminate,Indeterminate,,,,Sex newborn 2,ce5f1b5e-50c9-4b1c-8775-3154ca0fec28
Maternal Inpatient Data/aLoraiFNkng,Delivery summary :: Sex newborn 2,Delivery summary,Sex newborn 2,Male,Male,,,,Sex newborn 2,ce5f1b5e-50c9-4b1c-8775-3154ca0fec28
Maternal Inpatient Data/aLoraiFNkng,Delivery summary :: Sex newborn 3,Delivery summary,Sex newborn 3,Female,Female,,,,Sex newborn 3,7e916adf-a7ad-4e9a-a6ac-22a3dcfbe309
Maternal Inpatient Data/aLoraiFNkng,Delivery summary :: Sex newborn 3,Delivery summary,Sex newborn 3,Indeterminate,Indeterminate,,,,Sex newborn 3,7e916adf-a7ad-4e9a-a6ac-22a3dcfbe309
Maternal Inpatient Data/aLoraiFNkng,Delivery summary :: Sex newborn 3,Delivery summary,Sex newborn 3,Male,Male,,,,Sex newborn 3,7e916adf-a7ad-4e9a-a6ac-22a3dcfbe309
Maternal Inpatient Data/aLoraiFNkng,Delivery summary :: Sex newborn 4,Delivery summary,Sex newborn 4,Female,Female,,,,Sex newborn 4,4c376705-4990-48fe-94cf-d575df9fcfab
Maternal Inpatient Data/aLoraiFNkng,Delivery summary :: Sex newborn 4,Delivery summary,Sex newborn 4,Indeterminate,Indeterminate,,,,Sex newborn 4,4c376705-4990-48fe-94cf-d575df9fcfab
Maternal Inpatient Data/aLoraiFNkng,Delivery summary :: Sex newborn 4,Delivery summary,Sex newborn 4,Male,Male,,,,Sex newborn 4,4c376705-4990-48fe-94cf-d575df9fcfab
Maternal Inpatient Data/aLoraiFNkng,Delivery summary :: Stillbirth newborn 2,Delivery summary,Stillbirth newborn 2,Fresh,Fresh,,,,Stillbirth newborn 2:,9f97d1a4-542d-4f17-87df-21b81ee2871d
Maternal Inpatient Data/aLoraiFNkng,Delivery summary :: Stillbirth newborn 2,Delivery summary,Stillbirth newborn 2,Macerated,Macerated,,,,Stillbirth newborn 2:,9f97d1a4-542d-4f17-87df-21b81ee2871d
Maternal Inpatient Data/aLoraiFNkng,Delivery summary :: Stillbirth newborn 3,Delivery summary,Stillbirth newborn 3,Fresh,Fresh,,,,Stillbirth newborn 3:,b8a84484-f1a8-4b1a-92b1-d31464a62b05
Maternal Inpatient Data/aLoraiFNkng,Delivery summary :: Stillbirth newborn 3,Delivery summary,Stillbirth newborn 3,Macerated,Macerated,,,,Stillbirth newborn 3:,b8a84484-f1a8-4b1a-92b1-d31464a62b05
Maternal Inpatient Data/aLoraiFNkng,Delivery summary :: Stillbirth newborn 4,Delivery summary,Stillbirth newborn 4,Fresh,Fresh,,,,Stillbirth newborn 4:,31168dd7-0775-4971-8f09-f0491d90151d
Maternal Inpatient Data/aLoraiFNkng,Delivery summary :: Stillbirth newborn 4,Delivery summary,Stillbirth newborn 4,Macerated,Macerated,,,,Stillbirth newborn 4:,31168dd7-0775-4971-8f09-f0491d90151d
Maternal Inpatient Data/aLoraiFNkng,Delivery summary :: Uterotonics given,Delivery summary,Uterotonics given,Ergometrine,Ergometrine,,,,Uterotonics given,e45b0f26-71df-4d67-b58d-5b2efe5cf03a
Maternal Inpatient Data/aLoraiFNkng,Delivery summary :: Uterotonics given,Delivery summary,Uterotonics given,Misoprostol,Misoprostol,,,,Uterotonics given,e45b0f26-71df-4d67-b58d-5b2efe5cf03a
Maternal Inpatient Data/aLoraiFNkng,Delivery summary :: Uterotonics given,Delivery summary,Uterotonics given,None,None,,,,Uterotonics given,e45b0f26-71df-4d67-b58d-5b2efe5cf03a
Maternal Inpatient Data/aLoraiFNkng,Delivery summary :: Uterotonics given,Delivery summary,Uterotonics given,Oxytocin,Oxytocin,,,,Uterotonics given,e45b0f26-71df-4d67-b58d-5b2efe5cf03a
Maternal Inpatient Data/aLoraiFNkng,Delivery summary :: Vacuum/Forceps,Delivery summary,Vacuum/Forceps,No,No,,,,Vacuum/Forceps,32044502-6915-4585-b10c-9536ed838b48
Maternal Inpatient Data/aLoraiFNkng,Delivery summary :: Vacuum/Forceps,Delivery summary,Vacuum/Forceps,Yes,Yes,,,,Vacuum/Forceps,32044502-6915-4585-b10c-9536ed838b48
Neonatal Care Form/QYJKpoUeg9F,Discharge care form :: Discharge Outcome n,Discharge care form,Discharge Outcome n,Absconded,Absconded,,,,Discharge Outcome,47962798-cad1-49c4-af80-8e5d2e802540
Neonatal Care Form/QYJKpoUeg9F,Discharge care form :: Discharge Outcome n,Discharge care form,Discharge Outcome n,Discharged against medical advice - other,Discharged against medical advice - other,,,,Discharge Outcome,47962798-cad1-49c4-af80-8e5d2e802540
Neonatal Care Form/QYJKpoUeg9F,Discharge care form :: Discharge Outcome n,Discharge care form,Discharge Outcome n,Discharged against medical advice - poor prognosis,Discharged against medical advice - poor prognosis,,,,Discharge Outcome,47962798-cad1-49c4-af80-8e5d2e802540
Neonatal Care Form/QYJKpoUeg9F,Discharge care form :: Discharge Outcome n,Discharge care form,Discharge Outcome n,Discharged Alive,Discharged Alive,,,,Discharge Outcome,47962798-cad1-49c4-af80-8e5d2e802540
Neonatal Care Form/QYJKpoUeg9F,Discharge care form :: Discharge Outcome n,Discharge care form,Discharge Outcome n,Discharged with complications,Discharged with complications,,,,Discharge Outcome,47962798-cad1-49c4-af80-8e5d2e802540
Neonatal Care Form/QYJKpoUeg9F,Discharge care form :: Discharge Outcome n,Discharge care form,Discharge Outcome n,Referred/Transferred,Referred/Transferred,,,,Discharge Outcome,47962798-cad1-49c4-af80-8e5d2e802540
Neonatal Care Form/QYJKpoUeg9F,Discharge care form :: Final Discharge Diagnosis/Cause of Death,Discharge care form,Final Discharge Diagnosis/Cause of Death,Congenital Malformations,Congenital Malformations,,,,Final Discharge Diagnosis/Cause of Death (primary),589ade7d-f93e-4855-97ba-a748a335a0a8
Neonatal Care Form/QYJKpoUeg9F,Discharge care form :: Final Discharge Diagnosis/Cause of Death,Discharge care form,Final Discharge Diagnosis/Cause of Death,Infection,Infection,,,,Final Discharge Diagnosis/Cause of Death (primary),589ade7d-f93e-4855-97ba-a748a335a0a8
Neonatal Care Form/QYJKpoUeg9F,Discharge care form :: Final Discharge Diagnosis/Cause of Death,Discharge care form,Final Discharge Diagnosis/Cause of Death,Intrapartum-related,Intrapartum-related,,,,Final Discharge Diagnosis/Cause of Death (primary),589ade7d-f93e-4855-97ba-a748a335a0a8
Neonatal Care Form/QYJKpoUeg9F,Discharge care form :: Final Discharge Diagnosis/Cause of Death,Discharge care form,Final Discharge Diagnosis/Cause of Death,Jaundice (Pathological),Jaundice (Pathological),,,,Final Discharge Diagnosis/Cause of Death (primary),589ade7d-f93e-4855-97ba-a748a335a0a8
Neonatal Care Form/QYJKpoUeg9F,Discharge care form :: Final Discharge Diagnosis/Cause of Death,Discharge care form,Final Discharge Diagnosis/Cause of Death,Other (None of Above),Other (None of Above),,,,Final Discharge Diagnosis/Cause of Death (primary),589ade7d-f93e-4855-97ba-a748a335a0a8
Neonatal Care Form/QYJKpoUeg9F,Discharge care form :: Final Discharge Diagnosis/Cause of Death,Discharge care form,Final Discharge Diagnosis/Cause of Death,Prematurity,Prematurity,,,,Final Discharge Diagnosis/Cause of Death (primary),589ade7d-f93e-4855-97ba-a748a335a0a8
Neonatal Care Form/QYJKpoUeg9F,Discharge care form :: If infection - is it hospital-acquired n,Discharge care form,If infection - is it hospital-acquired n,No,No,,,,If infection - is it hospital-acquired?,80de470e-5ef5-4687-9c5d-7a5f0d475cad
Neonatal Care Form/QYJKpoUeg9F,Discharge care form :: If infection - is it hospital-acquired n,Discharge care form,If infection - is it hospital-acquired n,Yes,Yes,,,,If infection - is it hospital-acquired?,80de470e-5ef5-4687-9c5d-7a5f0d475cad
Neonatal Care Form/QYJKpoUeg9F,Discharge care form :: Newborn status at discharge n,Discharge care form,Newborn status at discharge n,Alive,Alive,,,,Newborn status at discharge,e8874b1d-f72a-42fb-895c-094c5b625c8f
Neonatal Care Form/QYJKpoUeg9F,Discharge care form :: Newborn status at discharge n,Discharge care form,Newborn status at discharge n,Dead,Dead,,,,Newborn status at discharge,e8874b1d-f72a-42fb-895c-094c5b625c8f
Neonatal Care Form/QYJKpoUeg9F,Discharge care form :: Sub-Categories of Congenital Malformations n,Discharge care form,Sub-Categories of Congenital Malformations n,Abdominal Defects,Abdominal Defects,,,,Sub-Categories of Congenital Malformations,90e4bfd4-d6c6-48d4-b2d1-0815ae1414ac
Neonatal Care Form/QYJKpoUeg9F,Discharge care form :: Sub-Categories of Congenital Malformations n,Discharge care form,Sub-Categories of Congenital Malformations n,Chromosomal Disorders,Chromosomal Disorders,,,,Sub-Categories of Congenital Malformations,90e4bfd4-d6c6-48d4-b2d1-0815ae1414ac
Neonatal Care Form/QYJKpoUeg9F,Discharge care form :: Sub-Categories of Congenital Malformations n,Discharge care form,Sub-Categories of Congenital Malformations n,Congenital Cause But Not Able to Specify,Congenital Cause But Not Able to Specify,,,,Sub-Categories of Congenital Malformations,90e4bfd4-d6c6-48d4-b2d1-0815ae1414ac
Neonatal Care Form/QYJKpoUeg9F,Discharge care form :: Sub-Categories of Congenital Malformations n,Discharge care form,Sub-Categories of Congenital Malformations n,Congenital Heart Defects,Congenital Heart Defects,,,,Sub-Categories of Congenital Malformations,90e4bfd4-d6c6-48d4-b2d1-0815ae1414ac
Neonatal Care Form/QYJKpoUeg9F,Discharge care form :: Sub-Categories of Congenital Malformations n,Discharge care form,Sub-Categories of Congenital Malformations n,Neural Tube Defects,Neural Tube Defects,,,,Sub-Categories of Congenital Malformations,90e4bfd4-d6c6-48d4-b2d1-0815ae1414ac
Neonatal Care Form/QYJKpoUeg9F,Discharge care form :: Sub-Categories of Congenital Malformations n,Discharge care form,Sub-Categories of Congenital Malformations n,Orofacial Cleft,Orofacial Cleft,,,,Sub-Categories of Congenital Malformations,90e4bfd4-d6c6-48d4-b2d1-0815ae1414ac
Neonatal Care Form/QYJKpoUeg9F,Discharge care form :: Sub-Categories of Congenital Malformations n,Discharge care form,Sub-Categories of Congenital Malformations n,Other Congential,Other Congential,,,,Sub-Categories of Congenital Malformations,90e4bfd4-d6c6-48d4-b2d1-0815ae1414ac
Neonatal Care Form/QYJKpoUeg9F,Discharge care form :: Sub-Categories of Congenital Malformations n,Discharge care form,Sub-Categories of Congenital Malformations n,Talipes/Club Foot,Talipes/Club Foot,,,,Sub-Categories of Congenital Malformations,90e4bfd4-d6c6-48d4-b2d1-0815ae1414ac
Neonatal Care Form/QYJKpoUeg9F,Discharge care form :: Sub-Categories of Infection n,Discharge care form,Sub-Categories of Infection n,Culture-Positive Meningitis,Culture-Positive Meningitis,,,,Sub-Categories of Infection,d237030b-1106-4247-8dee-be728db63a26
Neonatal Care Form/QYJKpoUeg9F,Discharge care form :: Sub-Categories of Infection n,Discharge care form,Sub-Categories of Infection n,Culture-Positive Sepsis,Culture-Positive Sepsis,,,,Sub-Categories of Infection,d237030b-1106-4247-8dee-be728db63a26
Neonatal Care Form/QYJKpoUeg9F,Discharge care form :: Sub-Categories of Infection n,Discharge care form,Sub-Categories of Infection n,Infection Cause But Not Able to Specify,Infection Cause But Not Able to Specify,,,,Sub-Categories of Infection,d237030b-1106-4247-8dee-be728db63a26
Neonatal Care Form/QYJKpoUeg9F,Discharge care form :: Sub-Categories of Infection n,Discharge care form,Sub-Categories of Infection n,Other Infection,Other Infection,,,,Sub-Categories of Infection,d237030b-1106-4247-8dee-be728db63a26
Neonatal Care Form/QYJKpoUeg9F,Discharge care form :: Sub-Categories of Infection n,Discharge care form,Sub-Categories of Infection n,Pneumonia,Pneumonia,,,,Sub-Categories of Infection,d237030b-1106-4247-8dee-be728db63a26
Neonatal Care Form/QYJKpoUeg9F,Discharge care form :: Sub-Categories of Infection n,Discharge care form,Sub-Categories of Infection n,Probable Meningitis,Probable Meningitis,,,,Sub-Categories of Infection,d237030b-1106-4247-8dee-be728db63a26
Neonatal Care Form/QYJKpoUeg9F,Discharge care form :: Sub-Categories of Infection n,Discharge care form,Sub-Categories of Infection n,Probable Sepsis,Probable Sepsis,,,,Sub-Categories of Infection,d237030b-1106-4247-8dee-be728db63a26
Neonatal Care Form/QYJKpoUeg9F,Discharge care form :: Sub-Categories of Infection n,Discharge care form,Sub-Categories of Infection n,SARS-CoV-2 (COVID-19),SARS-CoV-2 (COVID-19),,,,Sub-Categories of Infection,d237030b-1106-4247-8dee-be728db63a26
Neonatal Care Form/QYJKpoUeg9F,Discharge care form :: Sub-Categories of Intrapartum-Related n,Discharge care form,Sub-Categories of Intrapartum-Related n,Birth Injury (Intrapartum-related),Birth Injury (Intrapartum-related),,,,Sub-Categories of Intrapartum-Related,a1d3af53-cf66-4439-8e80-79db21fbeeec
Neonatal Care Form/QYJKpoUeg9F,Discharge care form :: Sub-Categories of Intrapartum-Related n,Discharge care form,Sub-Categories of Intrapartum-Related n,Intrapartum-Related Cause But Not Able to Specify,Intrapartum-Related Cause But Not Able to Specify,,,,Sub-Categories of Intrapartum-Related,a1d3af53-cf66-4439-8e80-79db21fbeeec
Neonatal Care Form/QYJKpoUeg9F,Discharge care form :: Sub-Categories of Intrapartum-Related n,Discharge care form,Sub-Categories of Intrapartum-Related n,Neonatal Hypoxic Ischemic Encephalopathy,Neonatal Hypoxic Ischemic Encephalopathy,,,,Sub-Categories of Intrapartum-Related,a1d3af53-cf66-4439-8e80-79db21fbeeec
Neonatal Care Form/QYJKpoUeg9F,Discharge care form :: Sub-Categories of Intrapartum-Related n,Discharge care form,Sub-Categories of Intrapartum-Related n,Other Intrapartum-Related,Other Intrapartum-Related,,,,Sub-Categories of Intrapartum-Related,a1d3af53-cf66-4439-8e80-79db21fbeeec
Neonatal Care Form/QYJKpoUeg9F,Discharge care form :: Sub-Categories of Jaundice (Pathological) n,Discharge care form,Sub-Categories of Jaundice (Pathological) n,Requiring Exchange Transfusion,Requiring Exchange Transfusion,,,,Sub-Categories of Jaundice (Pathological),d2b01572-1ac6-4738-ae38-b544660ea0c1
Neonatal Care Form/QYJKpoUeg9F,Discharge care form :: Sub-Categories of Jaundice (Pathological) n,Discharge care form,Sub-Categories of Jaundice (Pathological) n,Requiring Phototherapy,Requiring Phototherapy,,,,Sub-Categories of Jaundice (Pathological),d2b01572-1ac6-4738-ae38-b544660ea0c1
Neonatal Care Form/QYJKpoUeg9F,Discharge care form :: Sub-Categories of Prematurity n,Discharge care form,Sub-Categories of Prematurity n,Intraventricular Haemorrhage,Intraventricular Haemorrhage,,,,Sub-Categories of Prematurity,21d82b04-c9a0-462a-a677-6542e43dae0a
Neonatal Care Form/QYJKpoUeg9F,Discharge care form :: Sub-Categories of Prematurity n,Discharge care form,Sub-Categories of Prematurity n,Necrotizing Enterocolitis,Necrotizing Enterocolitis,,,,Sub-Categories of Prematurity,21d82b04-c9a0-462a-a677-6542e43dae0a
Neonatal Care Form/QYJKpoUeg9F,Discharge care form :: Sub-Categories of Prematurity n,Discharge care form,Sub-Categories of Prematurity n,Other Prematurity,Other Prematurity,,,,Sub-Categories of Prematurity,21d82b04-c9a0-462a-a677-6542e43dae0a
Neonatal Care Form/QYJKpoUeg9F,Discharge care form :: Sub-Categories of Prematurity n,Discharge care form,Sub-Categories of Prematurity n,Prematurity Cause But Not Able to Specify,Prematurity Cause But Not Able to Specify,,,,Sub-Categories of Prematurity,21d82b04-c9a0-462a-a677-6542e43dae0a
Neonatal Care Form/QYJKpoUeg9F,Discharge care form :: Sub-Categories of Prematurity n,Discharge care form,Sub-Categories of Prematurity n,Respiratory Distress Syndrome (of Prematurity),Respiratory Distress Syndrome (of Prematurity),,,,Sub-Categories of Prematurity,21d82b04-c9a0-462a-a677-6542e43dae0a
Maternal Inpatient Data/aLoraiFNkng,Discharge Summary :: Condition of Discharge,Discharge Summary,Condition of Discharge,Cured.,Cured,,,,Condition of Discharge,bd73268f-6263-4d45-904c-bbeaadc35191
Maternal Inpatient Data/aLoraiFNkng,Discharge Summary :: Condition of Discharge,Discharge Summary,Condition of Discharge,Dead,Dead,,,,Condition of Discharge,bd73268f-6263-4d45-904c-bbeaadc35191
Maternal Inpatient Data/aLoraiFNkng,Discharge Summary :: Condition of Discharge,Discharge Summary,Condition of Discharge,Improved,Improved,,,,Condition of Discharge,bd73268f-6263-4d45-904c-bbeaadc35191
Maternal Inpatient Data/aLoraiFNkng,Discharge Summary :: Condition of Discharge,Discharge Summary,Condition of Discharge,Same,Same,,,,Condition of Discharge,bd73268f-6263-4d45-904c-bbeaadc35191
Maternal Inpatient Data/aLoraiFNkng,DM followup chart :: 1 hr breakfast,DM followup chart,1 hr breakfast,No,No,,,,1 hr breakfast,4f9c15e9-86db-4a8b-84ce-ce7bb0baed98
Maternal Inpatient Data/aLoraiFNkng,DM followup chart :: 1 hr breakfast,DM followup chart,1 hr breakfast,Yes,Yes,,,,1 hr breakfast,4f9c15e9-86db-4a8b-84ce-ce7bb0baed98
Maternal Inpatient Data/aLoraiFNkng,DM followup chart :: 1 hr dinner,DM followup chart,1 hr dinner,No,No,,,,1 hr dinner,17e78ef3-c559-4050-a19b-e16ee6ead237
Maternal Inpatient Data/aLoraiFNkng,DM followup chart :: 1 hr dinner,DM followup chart,1 hr dinner,Yes,Yes,,,,1 hr dinner,17e78ef3-c559-4050-a19b-e16ee6ead237
Maternal Inpatient Data/aLoraiFNkng,DM followup chart :: 1 hr lunch,DM followup chart,1 hr lunch,No,No,,,,1 hr lunch,ad68d000-c90a-467e-b078-1b0338c555fc
Maternal Inpatient Data/aLoraiFNkng,DM followup chart :: 1 hr lunch,DM followup chart,1 hr lunch,Yes,Yes,,,,1 hr lunch,ad68d000-c90a-467e-b078-1b0338c555fc
Maternal Inpatient Data/aLoraiFNkng,DM followup chart :: 2hr breakfast,DM followup chart,2hr breakfast,No,No,,,,2hr breakfast,56170bdf-177e-42a9-9f21-1a090ef15ab8
Maternal Inpatient Data/aLoraiFNkng,DM followup chart :: 2hr breakfast,DM followup chart,2hr breakfast,Yes,Yes,,,,2hr breakfast,56170bdf-177e-42a9-9f21-1a090ef15ab8
Maternal Inpatient Data/aLoraiFNkng,DM followup chart :: 2hr dinner,DM followup chart,2hr dinner,No,No,,,,2hr dinner,247f2c42-6a18-41ae-82cf-c06e5f6fd54e
Maternal Inpatient Data/aLoraiFNkng,DM followup chart :: 2hr dinner,DM followup chart,2hr dinner,Yes,Yes,,,,2hr dinner,247f2c42-6a18-41ae-82cf-c06e5f6fd54e
Maternal Inpatient Data/aLoraiFNkng,DM followup chart :: 2hr lunch,DM followup chart,2hr lunch,No,No,,,,2hr lunch,15a0ca57-36aa-4a5e-af3a-ff5efdb7a214
Maternal Inpatient Data/aLoraiFNkng,DM followup chart :: 2hr lunch,DM followup chart,2hr lunch,Yes,Yes,,,,2hr lunch,15a0ca57-36aa-4a5e-af3a-ff5efdb7a214
Maternal Inpatient Data/aLoraiFNkng,Induction and augmentation chart :: Dose IA,Induction and augmentation chart,Dose IA,1st Dose,1st Dose,,,,Dose,e10d7944-a5e0-4c2c-b2fc-a4a2a19c7df2
Maternal Inpatient Data/aLoraiFNkng,Induction and augmentation chart :: Dose IA,Induction and augmentation chart,Dose IA,2nd Dose,2nd Dose,,,,Dose,e10d7944-a5e0-4c2c-b2fc-a4a2a19c7df2
Maternal Inpatient Data/aLoraiFNkng,Induction and augmentation chart :: Dose IA,Induction and augmentation chart,Dose IA,3rd Dose,3rd Dose,,,,Dose,e10d7944-a5e0-4c2c-b2fc-a4a2a19c7df2
Maternal Inpatient Data/aLoraiFNkng,Induction and augmentation chart :: Rate in Drop/min 1st dose IA,Induction and augmentation chart,Rate in Drop/min 1st dose IA,20,20,,,,Rate in Drop/min 1st dose,2b157f39-620b-4a8b-9300-7577ed50b790
Maternal Inpatient Data/aLoraiFNkng,Induction and augmentation chart :: Rate in Drop/min 1st dose IA,Induction and augmentation chart,Rate in Drop/min 1st dose IA,40,40,,,,Rate in Drop/min 1st dose,2b157f39-620b-4a8b-9300-7577ed50b790
Maternal Inpatient Data/aLoraiFNkng,Induction and augmentation chart :: Rate in Drop/min 1st dose IA,Induction and augmentation chart,Rate in Drop/min 1st dose IA,60,60,,,,Rate in Drop/min 1st dose,2b157f39-620b-4a8b-9300-7577ed50b790
Maternal Inpatient Data/aLoraiFNkng,Induction and augmentation chart :: Rate in Drop/min 1st dose IA,Induction and augmentation chart,Rate in Drop/min 1st dose IA,80,80,,,,Rate in Drop/min 1st dose,2b157f39-620b-4a8b-9300-7577ed50b790
Maternal Inpatient Data/aLoraiFNkng,Induction and augmentation chart :: Rate in Drop/min 2nd dose IA,Induction and augmentation chart,Rate in Drop/min 2nd dose IA,40,40,,,,Rate in Drop/min 2nd dose,6fe2e9e4-7f7f-4f2c-a2da-0308422d5711
Maternal Inpatient Data/aLoraiFNkng,Induction and augmentation chart :: Rate in Drop/min 2nd dose IA,Induction and augmentation chart,Rate in Drop/min 2nd dose IA,60,60,,,,Rate in Drop/min 2nd dose,6fe2e9e4-7f7f-4f2c-a2da-0308422d5711
Maternal Inpatient Data/aLoraiFNkng,Induction and augmentation chart :: Rate in Drop/min 2nd dose IA,Induction and augmentation chart,Rate in Drop/min 2nd dose IA,80,80,,,,Rate in Drop/min 2nd dose,6fe2e9e4-7f7f-4f2c-a2da-0308422d5711
Maternal Inpatient Data/aLoraiFNkng,Induction and augmentation chart :: Rate in Drop/min 3rd dose IA,Induction and augmentation chart,Rate in Drop/min 3rd dose IA,60,60,,,,Rate in Drop/min 3rd dose IA,242ea877-9031-4697-85c4-f8e588b22e1e
Maternal Inpatient Data/aLoraiFNkng,Induction and augmentation chart :: Rate in Drop/min 3rd dose IA,Induction and augmentation chart,Rate in Drop/min 3rd dose IA,80,80,,,,Rate in Drop/min 3rd dose IA,242ea877-9031-4697-85c4-f8e588b22e1e
Maternal Inpatient Data/aLoraiFNkng,Induction and augmentation chart :: Type of procedure IA,Induction and augmentation chart,Type of procedure IA,Augmentation,Augmentation,,,,Type of procedure,16d7bb7e-5108-4dad-b41e-4081c061de5b
Maternal Inpatient Data/aLoraiFNkng,Induction and augmentation chart :: Type of procedure IA,Induction and augmentation chart,Type of procedure IA,Induction,Induction,,,,Type of procedure,16d7bb7e-5108-4dad-b41e-4081c061de5b
Maternal Inpatient Data/aLoraiFNkng,Instrumental Delivery form :: Bladder status ID,Instrumental Delivery form,Bladder status ID,Catheterized,Catheterized,,,,Bladder status,e20c55fb-5e22-48b9-8754-3c45f2d63bf0
Maternal Inpatient Data/aLoraiFNkng,Instrumental Delivery form :: Bladder status ID,Instrumental Delivery form,Bladder status ID,Distended (Full bladder),Distended (Full bladder),,,,Bladder status,e20c55fb-5e22-48b9-8754-3c45f2d63bf0
Maternal Inpatient Data/aLoraiFNkng,Instrumental Delivery form :: Bladder status ID,Instrumental Delivery form,Bladder status ID,Empty,Empty,,,,Bladder status,e20c55fb-5e22-48b9-8754-3c45f2d63bf0
Maternal Inpatient Data/aLoraiFNkng,Instrumental Delivery form :: Bladder status ID,Instrumental Delivery form,Bladder status ID,Moderately full,Moderately full,,,,Bladder status,e20c55fb-5e22-48b9-8754-3c45f2d63bf0
Maternal Inpatient Data/aLoraiFNkng,Instrumental Delivery form :: Caput ID,Instrumental Delivery form,Caput ID,Mild,Mild,,,,Caput,22c721de-05eb-481d-b5b7-729330cd0b97
Maternal Inpatient Data/aLoraiFNkng,Instrumental Delivery form :: Caput ID,Instrumental Delivery form,Caput ID,Moderate,Moderate,,,,Caput,22c721de-05eb-481d-b5b7-729330cd0b97
Maternal Inpatient Data/aLoraiFNkng,Instrumental Delivery form :: Caput ID,Instrumental Delivery form,Caput ID,None,None,,,,Caput,22c721de-05eb-481d-b5b7-729330cd0b97
Maternal Inpatient Data/aLoraiFNkng,Instrumental Delivery form :: Caput ID,Instrumental Delivery form,Caput ID,Severe,Severe,,,,Caput,22c721de-05eb-481d-b5b7-729330cd0b97
Maternal Inpatient Data/aLoraiFNkng,Instrumental Delivery form :: Forceps type used ID,Instrumental Delivery form,Forceps type used ID,Low forceps,Low forceps,,,,Forceps type used,26977b50-1763-4bc4-a741-489a1a1dd291
Maternal Inpatient Data/aLoraiFNkng,Instrumental Delivery form :: Forceps type used ID,Instrumental Delivery form,Forceps type used ID,Outlet forceps,Outlet forceps,,,,Forceps type used,26977b50-1763-4bc4-a741-489a1a1dd291
Maternal Inpatient Data/aLoraiFNkng,Instrumental Delivery form :: Instrument used ID,Instrumental Delivery form,Instrument used ID,Forceps,Forceps,,,,Instrument used,394298f9-3a11-4adf-94cc-b819d565ab55
Maternal Inpatient Data/aLoraiFNkng,Instrumental Delivery form :: Instrument used ID,Instrumental Delivery form,Instrument used ID,Vacuum,Vacuum,,,,Instrument used,394298f9-3a11-4adf-94cc-b819d565ab55
Maternal Inpatient Data/aLoraiFNkng,Instrumental Delivery form :: Instrumental delivery,Instrumental Delivery form,Instrumental delivery,No,No,,,,Instrumental delivery?,21e8cee7-ff10-43c3-a77a-fea0cfbc2cf7
Maternal Inpatient Data/aLoraiFNkng,Instrumental Delivery form :: Instrumental delivery,Instrumental Delivery form,Instrumental delivery,Yes,Yes,,,,Instrumental delivery?,21e8cee7-ff10-43c3-a77a-fea0cfbc2cf7
Maternal Inpatient Data/aLoraiFNkng,Instrumental Delivery form :: Instrumental delivery successful ID,Instrumental Delivery form,Instrumental delivery successful ID,No,No,,,,Instrumental delivery successful,34f2b6a2-9daa-47d7-b217-26b4d5251707
Maternal Inpatient Data/aLoraiFNkng,Instrumental Delivery form :: Instrumental delivery successful ID,Instrumental Delivery form,Instrumental delivery successful ID,Yes,Yes,,,,Instrumental delivery successful,34f2b6a2-9daa-47d7-b217-26b4d5251707
Maternal Inpatient Data/aLoraiFNkng,Instrumental Delivery form :: Live birth ID,Instrumental Delivery form,Live birth ID,No,No,,,,Live birth,288814b7-9152-4ed4-8b19-8ee64ad2da72
Maternal Inpatient Data/aLoraiFNkng,Instrumental Delivery form :: Live birth ID,Instrumental Delivery form,Live birth ID,Yes,Yes,,,,Live birth,288814b7-9152-4ed4-8b19-8ee64ad2da72
Maternal Inpatient Data/aLoraiFNkng,Instrumental Delivery form :: Molding ID,Instrumental Delivery form,Molding ID,Mild,Mild,,,,Molding,91185db1-7a43-4634-b1fb-a47677a5d8ee
Maternal Inpatient Data/aLoraiFNkng,Instrumental Delivery form :: Molding ID,Instrumental Delivery form,Molding ID,Moderate,Moderate,,,,Molding,91185db1-7a43-4634-b1fb-a47677a5d8ee
Maternal Inpatient Data/aLoraiFNkng,Instrumental Delivery form :: Molding ID,Instrumental Delivery form,Molding ID,None,None,,,,Molding,91185db1-7a43-4634-b1fb-a47677a5d8ee
Maternal Inpatient Data/aLoraiFNkng,Instrumental Delivery form :: Molding ID,Instrumental Delivery form,Molding ID,Severe,Severe,,,,Molding,91185db1-7a43-4634-b1fb-a47677a5d8ee
Maternal Inpatient Data/aLoraiFNkng,Instrumental Delivery form :: Neonate referred to neonatology ID,Instrumental Delivery form,Neonate referred to neonatology ID,No,No,,,,Neonate referred to neonatology,d28dd9a8-9901-4e10-8eaf-5ff5958b1a60
Maternal Inpatient Data/aLoraiFNkng,Instrumental Delivery form :: Neonate referred to neonatology ID,Instrumental Delivery form,Neonate referred to neonatology ID,Yes,Yes,,,,Neonate referred to neonatology,d28dd9a8-9901-4e10-8eaf-5ff5958b1a60
Maternal Inpatient Data/aLoraiFNkng,Instrumental Delivery form :: Newborn complication ID,Instrumental Delivery form,Newborn complication ID,No,No,,,,Newborn complication,c268a87d-1c06-4820-b214-80e3c6fee740
Maternal Inpatient Data/aLoraiFNkng,Instrumental Delivery form :: Newborn complication ID,Instrumental Delivery form,Newborn complication ID,Yes,Yes,,,,Newborn complication,c268a87d-1c06-4820-b214-80e3c6fee740
Maternal Inpatient Data/aLoraiFNkng,Instrumental Delivery form :: Sex ID,Instrumental Delivery form,Sex ID,Female,Female,,,,Sex,4323a19a-da78-4d3b-92ff-0fc70a5e020f
Maternal Inpatient Data/aLoraiFNkng,Instrumental Delivery form :: Sex ID,Instrumental Delivery form,Sex ID,Indeterminate,Indeterminate,,,,Sex,4323a19a-da78-4d3b-92ff-0fc70a5e020f
Maternal Inpatient Data/aLoraiFNkng,Instrumental Delivery form :: Sex ID,Instrumental Delivery form,Sex ID,Male,Male,,,,Sex,4323a19a-da78-4d3b-92ff-0fc70a5e020f
Maternal Inpatient Data/aLoraiFNkng,Instrumental Delivery form :: Stillbirth ID,Instrumental Delivery form,Stillbirth ID,No,No,,,,Stillbirth,ffb0194f-4ff1-4472-9030-b441b79bdd6f
Maternal Inpatient Data/aLoraiFNkng,Instrumental Delivery form :: Stillbirth ID,Instrumental Delivery form,Stillbirth ID,Yes,Yes,,,,Stillbirth,ffb0194f-4ff1-4472-9030-b441b79bdd6f
Maternal Inpatient Data/aLoraiFNkng,Instrumental Delivery form :: Vacuum type used ID,Instrumental Delivery form,Vacuum type used ID,Low.,Low,,,,Vacuum type used,6ad989dd-0685-4054-a171-5be6c6b86e67
Maternal Inpatient Data/aLoraiFNkng,Instrumental Delivery form :: Vacuum type used ID,Instrumental Delivery form,Vacuum type used ID,Mid,Mid,,,,Vacuum type used,6ad989dd-0685-4054-a171-5be6c6b86e67
Maternal Inpatient Data/aLoraiFNkng,Instrumental Delivery form :: Vacuum type used ID,Instrumental Delivery form,Vacuum type used ID,Outlet,Outlet,,,,Vacuum type used,6ad989dd-0685-4054-a171-5be6c6b86e67
Neonatal Care Form/QYJKpoUeg9F,KMC ward follow up sheet :: Abdominal Distension,KMC ward follow up sheet,Abdominal Distension,No,No,,,,Abdominal Distension,9b077291-c4a6-4f4f-8c5b-3566fe050aed
Neonatal Care Form/QYJKpoUeg9F,KMC ward follow up sheet :: Abdominal Distension,KMC ward follow up sheet,Abdominal Distension,Yes,Yes,,,,Abdominal Distension,9b077291-c4a6-4f4f-8c5b-3566fe050aed
Neonatal Care Form/QYJKpoUeg9F,KMC ward follow up sheet :: Bleeding from the stamp or cut,KMC ward follow up sheet,Bleeding from the stamp or cut,No,No,,,,Bleeding from the stamp or cut,d6694fdf-d81b-4d84-9cd6-20ecf995e593
Neonatal Care Form/QYJKpoUeg9F,KMC ward follow up sheet :: Bleeding from the stamp or cut,KMC ward follow up sheet,Bleeding from the stamp or cut,Yes,Yes,,,,Bleeding from the stamp or cut,d6694fdf-d81b-4d84-9cd6-20ecf995e593
Neonatal Care Form/QYJKpoUeg9F,KMC ward follow up sheet :: Convulsion,KMC ward follow up sheet,Convulsion,No,No,,,,Convulsion,113054AAAAAAAAAAAAAAAAAAAAAAAAAAAAAA
Neonatal Care Form/QYJKpoUeg9F,KMC ward follow up sheet :: Convulsion,KMC ward follow up sheet,Convulsion,Yes,Yes,,,,Convulsion,113054AAAAAAAAAAAAAAAAAAAAAAAAAAAAAA
Neonatal Care Form/QYJKpoUeg9F,KMC ward follow up sheet :: Danger sign present,KMC ward follow up sheet,Danger sign present,Fast breathing (≥60 breath per minute),Fast breathing (≥60 breath per minute),,,,Danger sign present,85048f6e-3bbe-424e-989a-2fba89e27747
Neonatal Care Form/QYJKpoUeg9F,KMC ward follow up sheet :: Danger sign present,KMC ward follow up sheet,Danger sign present,Grunting,Grunting,,,,Danger sign present,85048f6e-3bbe-424e-989a-2fba89e27747
Neonatal Care Form/QYJKpoUeg9F,KMC ward follow up sheet :: Danger sign present,KMC ward follow up sheet,Danger sign present,None,None,,,,Danger sign present,85048f6e-3bbe-424e-989a-2fba89e27747
Neonatal Care Form/QYJKpoUeg9F,KMC ward follow up sheet :: Danger sign present,KMC ward follow up sheet,Danger sign present,Severe chest indrawing,Severe chest indrawing,,,,Danger sign present,85048f6e-3bbe-424e-989a-2fba89e27747
Neonatal Care Form/QYJKpoUeg9F,KMC ward follow up sheet :: Danger sign present,KMC ward follow up sheet,Danger sign present,Slow breathing (≤ 30 breath per minute),Slow breathing (≤ 30 breath per minute),,,,Danger sign present,85048f6e-3bbe-424e-989a-2fba89e27747
Neonatal Care Form/QYJKpoUeg9F,KMC ward follow up sheet :: DLT or NLT kmc followup,KMC ward follow up sheet,DLT or NLT kmc followup,DLT,DLT,,,,DLT/NLT,2daf9d0e-a477-4fcf-a0fd-85e3b2fde007
Neonatal Care Form/QYJKpoUeg9F,KMC ward follow up sheet :: DLT or NLT kmc followup,KMC ward follow up sheet,DLT or NLT kmc followup,NLT,NLT,,,,DLT/NLT,2daf9d0e-a477-4fcf-a0fd-85e3b2fde007
Neonatal Care Form/QYJKpoUeg9F,KMC ward follow up sheet :: Family planning,KMC ward follow up sheet,Family planning,No,No,,,,Family planning,1efe70d4-d73c-4d50-ae01-41b569fd4f42
Neonatal Care Form/QYJKpoUeg9F,KMC ward follow up sheet :: Family planning,KMC ward follow up sheet,Family planning,Yes,Yes,,,,Family planning,1efe70d4-d73c-4d50-ae01-41b569fd4f42
Neonatal Care Form/QYJKpoUeg9F,KMC ward follow up sheet :: Feeding intolerance,KMC ward follow up sheet,Feeding intolerance,No,No,,,,Feeding intolerance,ece80564-a486-4c11-966d-b8874c773110
Neonatal Care Form/QYJKpoUeg9F,KMC ward follow up sheet :: Feeding intolerance,KMC ward follow up sheet,Feeding intolerance,Yes,Yes,,,,Feeding intolerance,ece80564-a486-4c11-966d-b8874c773110
Neonatal Care Form/QYJKpoUeg9F,KMC ward follow up sheet :: Fever ≥37.5,KMC ward follow up sheet,Fever ≥37.5,No,No,,,,Fever ≥37.5,4009ed0c-42f9-46f3-801a-7837e4c68ac3
Neonatal Care Form/QYJKpoUeg9F,KMC ward follow up sheet :: Fever ≥37.5,KMC ward follow up sheet,Fever ≥37.5,Yes,Yes,,,,Fever ≥37.5,4009ed0c-42f9-46f3-801a-7837e4c68ac3
Neonatal Care Form/QYJKpoUeg9F,KMC ward follow up sheet :: Floppy or stiff,KMC ward follow up sheet,Floppy or stiff,Floppy,Floppy,,,,Floppy or stiff,f6081bd0-0ad4-40ea-a25a-03fec621c415
Neonatal Care Form/QYJKpoUeg9F,KMC ward follow up sheet :: Floppy or stiff,KMC ward follow up sheet,Floppy or stiff,Stiff,Stiff,,,,Floppy or stiff,f6081bd0-0ad4-40ea-a25a-03fec621c415
Neonatal Care Form/QYJKpoUeg9F,KMC ward follow up sheet :: Jaundice kmc f,KMC ward follow up sheet,Jaundice kmc f,No,No,,,,Jaundice,00296085-fb34-4def-a73e-b71ec1023c3a
Neonatal Care Form/QYJKpoUeg9F,KMC ward follow up sheet :: Jaundice kmc f,KMC ward follow up sheet,Jaundice kmc f,Yes,Yes,,,,Jaundice,00296085-fb34-4def-a73e-b71ec1023c3a
Neonatal Care Form/QYJKpoUeg9F,KMC ward follow up sheet :: Mode of feeding kmc,KMC ward follow up sheet,Mode of feeding kmc,Cup,Cup,,,,Mode of feeding kmc,74bcd347-d2a6-4cdd-a573-0b17ac05ad98
Neonatal Care Form/QYJKpoUeg9F,KMC ward follow up sheet :: Mode of feeding kmc,KMC ward follow up sheet,Mode of feeding kmc,Direct BF,Direct BF,,,,Mode of feeding kmc,74bcd347-d2a6-4cdd-a573-0b17ac05ad98
Neonatal Care Form/QYJKpoUeg9F,KMC ward follow up sheet :: Mode of feeding kmc,KMC ward follow up sheet,Mode of feeding kmc,NG tube,NG tube,,,,Mode of feeding kmc,74bcd347-d2a6-4cdd-a573-0b17ac05ad98
Neonatal Care Form/QYJKpoUeg9F,KMC ward follow up sheet :: Pallor,KMC ward follow up sheet,Pallor,No,No,,,,Pallor,06665525-838d-49b4-abaa-6a9f0c2e38d4
Neonatal Care Form/QYJKpoUeg9F,KMC ward follow up sheet :: Pallor,KMC ward follow up sheet,Pallor,Yes,Yes,,,,Pallor,06665525-838d-49b4-abaa-6a9f0c2e38d4
Neonatal Care Form/QYJKpoUeg9F,KMC ward follow up sheet :: Stool kmc f,KMC ward follow up sheet,Stool kmc f,Not pass,Not pass,,,,Stool,29445d58-aadd-43ac-98f4-65c3ac24ba30
Neonatal Care Form/QYJKpoUeg9F,KMC ward follow up sheet :: Stool kmc f,KMC ward follow up sheet,Stool kmc f,Pass,Pass,,,,Stool,29445d58-aadd-43ac-98f4-65c3ac24ba30
Neonatal Care Form/QYJKpoUeg9F,KMC ward follow up sheet :: Supplement kmc f,KMC ward follow up sheet,Supplement kmc f,Iron,Iron,,,,Supplement,579bc356-fc43-43ba-8a7f-fa5b31959005
Neonatal Care Form/QYJKpoUeg9F,KMC ward follow up sheet :: Supplement kmc f,KMC ward follow up sheet,Supplement kmc f,None,None,,,,Supplement,579bc356-fc43-43ba-8a7f-fa5b31959005
Neonatal Care Form/QYJKpoUeg9F,KMC ward follow up sheet :: Supplement kmc f,KMC ward follow up sheet,Supplement kmc f,Vit D,Vit D,,,,Supplement,579bc356-fc43-43ba-8a7f-fa5b31959005
Neonatal Care Form/QYJKpoUeg9F,KMC ward follow up sheet :: Temperature < 36.5 or not raising after warming,KMC ward follow up sheet,Temperature < 36.5 or not raising after warming,No,No,,,,Temperature < 36.5 or not raising after warming,c2d32da0-4c34-4b14-b62f-b2490611d0bc
Neonatal Care Form/QYJKpoUeg9F,KMC ward follow up sheet :: Temperature < 36.5 or not raising after warming,KMC ward follow up sheet,Temperature < 36.5 or not raising after warming,Yes,Yes,,,,Temperature < 36.5 or not raising after warming,c2d32da0-4c34-4b14-b62f-b2490611d0bc
Neonatal Care Form/QYJKpoUeg9F,KMC ward follow up sheet :: Type of feed,KMC ward follow up sheet,Type of feed,EBM,EBM,,,,Type of feed,706dbeeb-cd2d-4b07-898b-470d50ce286f
Neonatal Care Form/QYJKpoUeg9F,KMC ward follow up sheet :: Type of feed,KMC ward follow up sheet,Type of feed,EBM+ Fortification,EBM+ Fortification,,,,Type of feed,706dbeeb-cd2d-4b07-898b-470d50ce286f
Neonatal Care Form/QYJKpoUeg9F,KMC ward follow up sheet :: Type of feed,KMC ward follow up sheet,Type of feed,Formula,Formula,,,,Type of feed,706dbeeb-cd2d-4b07-898b-470d50ce286f
Neonatal Care Form/QYJKpoUeg9F,KMC ward follow up sheet :: Type of feed,KMC ward follow up sheet,Type of feed,Mixed,Mixed,,,,Type of feed,706dbeeb-cd2d-4b07-898b-470d50ce286f
Neonatal Care Form/QYJKpoUeg9F,KMC ward follow up sheet :: Umbilicus draining pus,KMC ward follow up sheet,Umbilicus draining pus,No,No,,,,Umbilicus draining pus,1fa8a67a-c2cb-464c-aecf-c5d8f31dafe4
Neonatal Care Form/QYJKpoUeg9F,KMC ward follow up sheet :: Umbilicus draining pus,KMC ward follow up sheet,Umbilicus draining pus,Yes,Yes,,,,Umbilicus draining pus,1fa8a67a-c2cb-464c-aecf-c5d8f31dafe4
Neonatal Care Form/QYJKpoUeg9F,KMC ward follow up sheet :: Urine,KMC ward follow up sheet,Urine,Not pass,Not pass,,,,Urine,159994AAAAAAAAAAAAAAAAAAAAAAAAAAAAAA
Neonatal Care Form/QYJKpoUeg9F,KMC ward follow up sheet :: Urine,KMC ward follow up sheet,Urine,Pass,Pass,,,,Urine,159994AAAAAAAAAAAAAAAAAAAAAAAAAAAAAA
Neonatal Care Form/QYJKpoUeg9F,KMC ward follow up sheet :: Vaccination,KMC ward follow up sheet,Vaccination,No,No,,,,Vaccination,017576eb-bdd9-44c1-97e6-60ae40b3c3b1
Neonatal Care Form/QYJKpoUeg9F,KMC ward follow up sheet :: Vaccination,KMC ward follow up sheet,Vaccination,Yes,Yes,,,,Vaccination,017576eb-bdd9-44c1-97e6-60ae40b3c3b1
Neonatal Care Form/QYJKpoUeg9F,KMC ward follow up sheet :: Vomiting kmc f,KMC ward follow up sheet,Vomiting kmc f,No,No,,,,Vomiting,9043f105-b232-4bd8-9629-c69c34a7e6bc
Neonatal Care Form/QYJKpoUeg9F,KMC ward follow up sheet :: Vomiting kmc f,KMC ward follow up sheet,Vomiting kmc f,Yes,Yes,,,,Vomiting,9043f105-b232-4bd8-9629-c69c34a7e6bc
Maternal Inpatient Data/aLoraiFNkng,Labour Management :: Fetal distress,Labour Management,Fetal distress,Bradycardia,Bradycardia,,,,Fetal distress,62f9040b-1dd0-4a31-a03e-9a4ffc442440
Maternal Inpatient Data/aLoraiFNkng,Labour Management :: Fetal distress,Labour Management,Fetal distress,Cord Prolapse/Presentation,Cord Prolapse/Presentation,,,,Fetal distress,62f9040b-1dd0-4a31-a03e-9a4ffc442440
Maternal Inpatient Data/aLoraiFNkng,Labour Management :: Fetal distress,Labour Management,Fetal distress,Tachycardia,Tachycardia,,,,Fetal distress,62f9040b-1dd0-4a31-a03e-9a4ffc442440
Maternal Inpatient Data/aLoraiFNkng,Labour Management :: Fetal distress,Labour Management,Fetal distress,Thick meconium in early labor,Thick meconium in early labor,,,,Fetal distress,62f9040b-1dd0-4a31-a03e-9a4ffc442440
Maternal Inpatient Data/aLoraiFNkng,Labour Management :: Indication,Labour Management,Indication,CPD,CPD,,,,Indication,cc0a6424-d724-4303-9c16-56debb69d993
Maternal Inpatient Data/aLoraiFNkng,Labour Management :: Indication,Labour Management,Indication,Fetal Distress,Fetal distress,,,,Indication,cc0a6424-d724-4303-9c16-56debb69d993
Maternal Inpatient Data/aLoraiFNkng,Labour Management :: Indication,Labour Management,Indication,Obstetric Hemorrhage,Obstetric Hemorrhage,,,,Indication,cc0a6424-d724-4303-9c16-56debb69d993
Maternal Inpatient Data/aLoraiFNkng,Labour Management :: Indication,Labour Management,Indication,other( specify),Others (Specify),,,,Indication,cc0a6424-d724-4303-9c16-56debb69d993
Maternal Inpatient Data/aLoraiFNkng,Labour Management :: Indication,Labour Management,Indication,Previous Uterine Scar,Previous Uterine Scar,,,,Indication,cc0a6424-d724-4303-9c16-56debb69d993
Maternal Inpatient Data/aLoraiFNkng,Labour Management :: Mode of delivery,Labour Management,Mode of delivery,Cesarean delivery Elective,Cesarean delivery Elective,,,,Mode of delivery,5dc28304-a867-4638-b01a-6a91aa7626b5
Maternal Inpatient Data/aLoraiFNkng,Labour Management :: Mode of delivery,Labour Management,Mode of delivery,Cesarean delivery Emergency,Cesarean delivery Emergency,,,,Mode of delivery,5dc28304-a867-4638-b01a-6a91aa7626b5
Maternal Inpatient Data/aLoraiFNkng,Labour Management :: Mode of delivery,Labour Management,Mode of delivery,Operative vaginal delivery,Operative vaginal delivery,,,,Mode of delivery,5dc28304-a867-4638-b01a-6a91aa7626b5
Maternal Inpatient Data/aLoraiFNkng,Labour Management :: Mode of delivery,Labour Management,Mode of delivery,SVD,SVD,,,,Mode of delivery,5dc28304-a867-4638-b01a-6a91aa7626b5
Maternal Inpatient Data/aLoraiFNkng,Latent Phase followup :: Colour of Liquor LPF,Latent Phase followup,Colour of Liquor LPF,Clear,Clear,,,,Colour of Liquor,2cdc02bf-29f0-477e-9e53-e638181b341b
Maternal Inpatient Data/aLoraiFNkng,Latent Phase followup :: Colour of Liquor LPF,Latent Phase followup,Colour of Liquor LPF,Foul-smelling,Foul-smelling,,,,Colour of Liquor,2cdc02bf-29f0-477e-9e53-e638181b341b
Maternal Inpatient Data/aLoraiFNkng,Latent Phase followup :: Colour of Liquor LPF,Latent Phase followup,Colour of Liquor LPF,Meconium-stained,Meconium-stained,,,,Colour of Liquor,2cdc02bf-29f0-477e-9e53-e638181b341b
Maternal Inpatient Data/aLoraiFNkng,Latent Phase followup :: Uterine contraction LPF,Latent Phase followup,Uterine contraction LPF,Absent,Absent,,,,Uterine contraction,cc68b93e-f21d-49c7-8017-4b4113daf2fc
Maternal Inpatient Data/aLoraiFNkng,Latent Phase followup :: Uterine contraction LPF,Latent Phase followup,Uterine contraction LPF,Present,Present,,,,Uterine contraction,cc68b93e-f21d-49c7-8017-4b4113daf2fc
Maternal Inpatient Data/aLoraiFNkng,Maternal History :: ANC Contact,Maternal History,ANC Contact,No,No,,,,ANC Contact,13dbec3b-b39b-455f-9b46-2b7e491667bd
Maternal Inpatient Data/aLoraiFNkng,Maternal History :: ANC Contact,Maternal History,ANC Contact,Yes,Yes,,,,ANC Contact,13dbec3b-b39b-455f-9b46-2b7e491667bd
Maternal Inpatient Data/aLoraiFNkng,Maternal History :: Co-existing Medical Complications,Maternal History,Co-existing Medical Complications,Asthma.,Asthma,,,,Co-existing Medical Complications,b059ee8d-2df7-4af0-9c8c-9915d700a2ba
Maternal Inpatient Data/aLoraiFNkng,Maternal History :: Co-existing Medical Complications,Maternal History,Co-existing Medical Complications,Bleeding disorders,Bleeding disorders,,,,Co-existing Medical Complications,b059ee8d-2df7-4af0-9c8c-9915d700a2ba
Maternal Inpatient Data/aLoraiFNkng,Maternal History :: Co-existing Medical Complications,Maternal History,Co-existing Medical Complications,Cardiac disorders,Cardiac disorders,,,,Co-existing Medical Complications,b059ee8d-2df7-4af0-9c8c-9915d700a2ba
Maternal Inpatient Data/aLoraiFNkng,Maternal History :: Co-existing Medical Complications,Maternal History,Co-existing Medical Complications,Chronic Hypertension,Chronic Hypertension,,,,Co-existing Medical Complications,b059ee8d-2df7-4af0-9c8c-9915d700a2ba
Maternal Inpatient Data/aLoraiFNkng,Maternal History :: Co-existing Medical Complications,Maternal History,Co-existing Medical Complications,Chronic Kidney Disease,Chronic Kidney Disease,,,,Co-existing Medical Complications,b059ee8d-2df7-4af0-9c8c-9915d700a2ba
Maternal Inpatient Data/aLoraiFNkng,Maternal History :: Co-existing Medical Complications,Maternal History,Co-existing Medical Complications,Chronic Liver Disease,Chronic Liver Disease,,,,Co-existing Medical Complications,b059ee8d-2df7-4af0-9c8c-9915d700a2ba
Maternal Inpatient Data/aLoraiFNkng,Maternal History :: Co-existing Medical Complications,Maternal History,Co-existing Medical Complications,None,None,,,,Co-existing Medical Complications,b059ee8d-2df7-4af0-9c8c-9915d700a2ba
Maternal Inpatient Data/aLoraiFNkng,Maternal History :: Co-existing Medical Complications,Maternal History,Co-existing Medical Complications,other( specify),Others (Specify),,,,Co-existing Medical Complications,b059ee8d-2df7-4af0-9c8c-9915d700a2ba
Maternal Inpatient Data/aLoraiFNkng,Maternal History :: Co-existing Medical Complications,Maternal History,Co-existing Medical Complications,Overt DM,Overt DM,,,,Co-existing Medical Complications,b059ee8d-2df7-4af0-9c8c-9915d700a2ba
Maternal Inpatient Data/aLoraiFNkng,Maternal History :: Co-existing Medical Complications,Maternal History,Co-existing Medical Complications,Thyroid disorders,Thyroid disorders,,,,Co-existing Medical Complications,b059ee8d-2df7-4af0-9c8c-9915d700a2ba
Maternal Inpatient Data/aLoraiFNkng,Maternal History :: Co-existing Medical Complications,Maternal History,Co-existing Medical Complications,Tuberculosis.,Tuberculosis,,,,Co-existing Medical Complications,b059ee8d-2df7-4af0-9c8c-9915d700a2ba
Maternal Inpatient Data/aLoraiFNkng,Maternal History :: History of Abortion,Maternal History,History of Abortion,No,No,,,,History of Abortion,e21691c6-aaf3-40ae-af14-0b709a9d60f4
Maternal Inpatient Data/aLoraiFNkng,Maternal History :: History of Abortion,Maternal History,History of Abortion,Yes,Yes,,,,History of Abortion,e21691c6-aaf3-40ae-af14-0b709a9d60f4
Maternal Inpatient Data/aLoraiFNkng,Maternal History :: History of Ectopic Pregnancy,Maternal History,History of Ectopic Pregnancy,No,No,,,,History of Ectopic Pregnancy,faa45d9f-6ccb-4612-abbc-d56574b54dc9
Maternal Inpatient Data/aLoraiFNkng,Maternal History :: History of Ectopic Pregnancy,Maternal History,History of Ectopic Pregnancy,Yes,Yes,,,,History of Ectopic Pregnancy,faa45d9f-6ccb-4612-abbc-d56574b54dc9
Maternal Inpatient Data/aLoraiFNkng,Maternal History :: History of GTD,Maternal History,History of GTD,No,No,,,,History of GTD,627e5b70-2b95-4c57-883d-5a1018272d99
Maternal Inpatient Data/aLoraiFNkng,Maternal History :: History of GTD,Maternal History,History of GTD,Yes,Yes,,,,History of GTD,627e5b70-2b95-4c57-883d-5a1018272d99
Maternal Inpatient Data/aLoraiFNkng,Maternal History :: LNMP known,Maternal History,LNMP known,No,No,,,,LNMP known?,42bf0b89-5037-45e5-a6f2-911ede5eeaa2
Maternal Inpatient Data/aLoraiFNkng,Maternal History :: LNMP known,Maternal History,LNMP known,Yes,Yes,,,,LNMP known?,42bf0b89-5037-45e5-a6f2-911ede5eeaa2
Maternal Inpatient Data/aLoraiFNkng,Maternal History :: Past obstetric complications,Maternal History,Past obstetric complications,APH?,APH,,,,Past obstetric complications,636e4596-ee62-417a-9fee-a321a2fe105a
Maternal Inpatient Data/aLoraiFNkng,Maternal History :: Past obstetric complications,Maternal History,Past obstetric complications,GDM,GDM,,,,Past obstetric complications,636e4596-ee62-417a-9fee-a321a2fe105a
Maternal Inpatient Data/aLoraiFNkng,Maternal History :: Past obstetric complications,Maternal History,Past obstetric complications,HDP,HDP,,,,Past obstetric complications,636e4596-ee62-417a-9fee-a321a2fe105a
Maternal Inpatient Data/aLoraiFNkng,Maternal History :: Past obstetric complications,Maternal History,Past obstetric complications,None,None,,,,Past obstetric complications,636e4596-ee62-417a-9fee-a321a2fe105a
Maternal Inpatient Data/aLoraiFNkng,Maternal History :: Past obstetric complications,Maternal History,Past obstetric complications,other( specify),Others (Specify),,,,Past obstetric complications,636e4596-ee62-417a-9fee-a321a2fe105a
Maternal Inpatient Data/aLoraiFNkng,Maternal History :: Past obstetric complications,Maternal History,Past obstetric complications,PPH,PPH,,,,Past obstetric complications,636e4596-ee62-417a-9fee-a321a2fe105a
Maternal Inpatient Data/aLoraiFNkng,Maternal History :: Past obstetric complications,Maternal History,Past obstetric complications,PROM,PROM,,,,Past obstetric complications,636e4596-ee62-417a-9fee-a321a2fe105a
Maternal Inpatient Data/aLoraiFNkng,Maternal History :: Place of ANC Visit,Maternal History,Place of ANC Visit,Comprehensive Health post,Comprehensive Health post,,,,Place of ANC Visit,1d3c938b-463b-471c-864f-59c1b8b17cef
Maternal Inpatient Data/aLoraiFNkng,Maternal History :: Place of ANC Visit,Maternal History,Place of ANC Visit,Government Hospital,Government Hospital,,,,Place of ANC Visit,1d3c938b-463b-471c-864f-59c1b8b17cef
Maternal Inpatient Data/aLoraiFNkng,Maternal History :: Place of ANC Visit,Maternal History,Place of ANC Visit,Health Center,Health Center,,,,Place of ANC Visit,1d3c938b-463b-471c-864f-59c1b8b17cef
Maternal Inpatient Data/aLoraiFNkng,Maternal History :: Place of ANC Visit,Maternal History,Place of ANC Visit,other( specify),Other (Specify),,,,Place of ANC Visit,1d3c938b-463b-471c-864f-59c1b8b17cef
Maternal Inpatient Data/aLoraiFNkng,Maternal History :: Place of ANC Visit,Maternal History,Place of ANC Visit,Private Clinic/Hospital,Private Clinic/Hospital,,,,Place of ANC Visit,1d3c938b-463b-471c-864f-59c1b8b17cef
Maternal Inpatient Data/aLoraiFNkng,Maternal History :: Provisions at the ANC,Maternal History,Provisions at the ANC,Albendazole,Albendazole,,,,Provisions at the ANC,46e28b36-9a45-443a-8f75-019ac18a1b95
Maternal Inpatient Data/aLoraiFNkng,Maternal History :: Provisions at the ANC,Maternal History,Provisions at the ANC,FeFol,FeFol,,,,Provisions at the ANC,46e28b36-9a45-443a-8f75-019ac18a1b95
Maternal Inpatient Data/aLoraiFNkng,Maternal History :: Provisions at the ANC,Maternal History,Provisions at the ANC,None,None,,,,Provisions at the ANC,46e28b36-9a45-443a-8f75-019ac18a1b95
Maternal Inpatient Data/aLoraiFNkng,Maternal History :: Provisions at the ANC,Maternal History,Provisions at the ANC,TD Vaccine,TD Vaccine,,,,Provisions at the ANC,46e28b36-9a45-443a-8f75-019ac18a1b95
Maternal Inpatient Data/aLoraiFNkng,Medication Administration record :: Medication Adminstration route,Medication Administration record,Medication Adminstration route,AD (right ear),AD (right ear),,,,Medication Adminstration route,c4712158-29b5-4186-b396-4947181ee8df
Maternal Inpatient Data/aLoraiFNkng,Medication Administration record :: Medication Adminstration route,Medication Administration record,Medication Adminstration route,AS (left ear),AS (left ear),,,,Medication Adminstration route,c4712158-29b5-4186-b396-4947181ee8df
Maternal Inpatient Data/aLoraiFNkng,Medication Administration record :: Medication Adminstration route,Medication Administration record,Medication Adminstration route,AU (both ears),AU (both ears),,,,Medication Adminstration route,c4712158-29b5-4186-b396-4947181ee8df
Maternal Inpatient Data/aLoraiFNkng,Medication Administration record :: Medication Adminstration route,Medication Administration record,Medication Adminstration route,HHN (Hand held nebulizer,HHN (Hand held nebulizer),,,,Medication Adminstration route,c4712158-29b5-4186-b396-4947181ee8df
Maternal Inpatient Data/aLoraiFNkng,Medication Administration record :: Medication Adminstration route,Medication Administration record,Medication Adminstration route,i.a. (Into the lumen of an artery),i.a. (Into the lumen of an artery),,,,Medication Adminstration route,c4712158-29b5-4186-b396-4947181ee8df
Maternal Inpatient Data/aLoraiFNkng,Medication Administration record :: Medication Adminstration route,Medication Administration record,Medication Adminstration route,ID (Intradermal),ID (Intradermal),,,,Medication Adminstration route,c4712158-29b5-4186-b396-4947181ee8df
Maternal Inpatient Data/aLoraiFNkng,Medication Administration record :: Medication Adminstration route,Medication Administration record,Medication Adminstration route,Intramuscular,Intramuscular,,,,Medication Adminstration route,c4712158-29b5-4186-b396-4947181ee8df
Maternal Inpatient Data/aLoraiFNkng,Medication Administration record :: Medication Adminstration route,Medication Administration record,Medication Adminstration route,Intravenous,Intravenous,,,,Medication Adminstration route,c4712158-29b5-4186-b396-4947181ee8df
Maternal Inpatient Data/aLoraiFNkng,Medication Administration record :: Medication Adminstration route,Medication Administration record,Medication Adminstration route,IT (Intrathecal),IT (Intrathecal),,,,Medication Adminstration route,c4712158-29b5-4186-b396-4947181ee8df
Maternal Inpatient Data/aLoraiFNkng,Medication Administration record :: Medication Adminstration route,Medication Administration record,Medication Adminstration route,IVP (Intravenous push),IVP (Intravenous push),,,,Medication Adminstration route,c4712158-29b5-4186-b396-4947181ee8df
Maternal Inpatient Data/aLoraiFNkng,Medication Administration record :: Medication Adminstration route,Medication Administration record,Medication Adminstration route,IVPB (Intravenous piggyback),IVPB (Intravenous piggyback),,,,Medication Adminstration route,c4712158-29b5-4186-b396-4947181ee8df
Maternal Inpatient Data/aLoraiFNkng,Medication Administration record :: Medication Adminstration route,Medication Administration record,Medication Adminstration route,NGT (Nasogastric tube),NGT (Nasogastric tube),,,,Medication Adminstration route,c4712158-29b5-4186-b396-4947181ee8df
Maternal Inpatient Data/aLoraiFNkng,Medication Administration record :: Medication Adminstration route,Medication Administration record,Medication Adminstration route,OD (right eye),OD (right eye),,,,Medication Adminstration route,c4712158-29b5-4186-b396-4947181ee8df
Maternal Inpatient Data/aLoraiFNkng,Medication Administration record :: Medication Adminstration route,Medication Administration record,Medication Adminstration route,OS ( left eye),OS ( left eye),,,,Medication Adminstration route,c4712158-29b5-4186-b396-4947181ee8df
Maternal Inpatient Data/aLoraiFNkng,Medication Administration record :: Medication Adminstration route,Medication Administration record,Medication Adminstration route,OU (both eyes),OU (both eyes),,,,Medication Adminstration route,c4712158-29b5-4186-b396-4947181ee8df
Maternal Inpatient Data/aLoraiFNkng,Medication Administration record :: Medication Adminstration route,Medication Administration record,Medication Adminstration route,per os,per os,,,,Medication Adminstration route,c4712158-29b5-4186-b396-4947181ee8df
Maternal Inpatient Data/aLoraiFNkng,Medication Administration record :: Medication Adminstration route,Medication Administration record,Medication Adminstration route,S (Swish and swallow),S&S (Swish and swallow),,,,Medication Adminstration route,c4712158-29b5-4186-b396-4947181ee8df
Maternal Inpatient Data/aLoraiFNkng,Medication Administration record :: Medication Adminstration route,Medication Administration record,Medication Adminstration route,Subcutaneous,Subcutaneous,,,,Medication Adminstration route,c4712158-29b5-4186-b396-4947181ee8df
Maternal Inpatient Data/aLoraiFNkng,Medication Administration record :: Medication Adminstration route,Medication Administration record,Medication Adminstration route,Sublingual,Sublingual,,,,Medication Adminstration route,c4712158-29b5-4186-b396-4947181ee8df
Maternal Inpatient Data/aLoraiFNkng,Medication Administration record :: Medication Adminstration route,Medication Administration record,Medication Adminstration route,Topical,Topical,,,,Medication Adminstration route,c4712158-29b5-4186-b396-4947181ee8df
Maternal Inpatient Data/aLoraiFNkng,Medication Administration record :: Medication Adminstration route,Medication Administration record,Medication Adminstration route,vaginal route,vaginal route,,,,Medication Adminstration route,c4712158-29b5-4186-b396-4947181ee8df
Maternal Inpatient Data/aLoraiFNkng,Medication Administration record :: Medication frequency,Medication Administration record,Medication frequency,AC,AC,,,,Medication frequency,d9390247-9b6c-4065-bda7-5a63572b93a9
Maternal Inpatient Data/aLoraiFNkng,Medication Administration record :: Medication frequency,Medication Administration record,Medication frequency,HS,HS,,,,Medication frequency,d9390247-9b6c-4065-bda7-5a63572b93a9
Maternal Inpatient Data/aLoraiFNkng,Medication Administration record :: Medication frequency,Medication Administration record,Medication frequency,PC,PC,,,,Medication frequency,d9390247-9b6c-4065-bda7-5a63572b93a9
Maternal Inpatient Data/aLoraiFNkng,Medication Administration record :: Medication frequency,Medication Administration record,Medication frequency,Prn,Prn,,,,Medication frequency,d9390247-9b6c-4065-bda7-5a63572b93a9
Maternal Inpatient Data/aLoraiFNkng,Medication Administration record :: Medication frequency,Medication Administration record,Medication frequency,QH,QH,,,,Medication frequency,d9390247-9b6c-4065-bda7-5a63572b93a9
Maternal Inpatient Data/aLoraiFNkng,Medication Administration record :: Medication frequency,Medication Administration record,Medication frequency,QOD,QOD,,,,Medication frequency,d9390247-9b6c-4065-bda7-5a63572b93a9
Maternal Inpatient Data/aLoraiFNkng,Medication Administration record :: Medication frequency,Medication Administration record,Medication frequency,Stat,Stat,,,,Medication frequency,d9390247-9b6c-4065-bda7-5a63572b93a9
Neonatal Care Form/QYJKpoUeg9F,Medication and intervention :: Antibiotics administered?,Medication and intervention,Antibiotics administered?,No,No,,,,Antibiotics administered?,2e2b41a4-cdd1-4ac6-b1f6-3dacd2255ece
Neonatal Care Form/QYJKpoUeg9F,Medication and intervention :: Antibiotics administered?,Medication and intervention,Antibiotics administered?,Yes,Yes,,,,Antibiotics administered?,2e2b41a4-cdd1-4ac6-b1f6-3dacd2255ece
Neonatal Care Form/QYJKpoUeg9F,Medication and intervention :: Apnea Prevention/Treatment,Medication and intervention,Apnea Prevention/Treatment,No,No,,,,Apnea Prevention/Treatment,514c34a1-ec7f-4d18-be32-2c1d6025dc8b
Neonatal Care Form/QYJKpoUeg9F,Medication and intervention :: Apnea Prevention/Treatment,Medication and intervention,Apnea Prevention/Treatment,Yes,Yes,,,,Apnea Prevention/Treatment,514c34a1-ec7f-4d18-be32-2c1d6025dc8b
Neonatal Care Form/QYJKpoUeg9F,Medication and intervention :: Does the infant receive mechanical ventilation?,Medication and intervention,Does the infant receive mechanical ventilation?,No,No,,,,Does the infant receive mechanical ventilation?,b8c1f021-872f-490c-a7b6-bb37bd816e35
Neonatal Care Form/QYJKpoUeg9F,Medication and intervention :: Does the infant receive mechanical ventilation?,Medication and intervention,Does the infant receive mechanical ventilation?,Yes,Yes,,,,Does the infant receive mechanical ventilation?,b8c1f021-872f-490c-a7b6-bb37bd816e35
Neonatal Care Form/QYJKpoUeg9F,Medication and intervention :: Frequency n,Medication and intervention,Frequency n,BID,BID,,,,Frequency,11db7d53-ab5c-4686-ac0c-610043bf5b2d
Neonatal Care Form/QYJKpoUeg9F,Medication and intervention :: Frequency n,Medication and intervention,Frequency n,Daily,Daily,,,,Frequency,11db7d53-ab5c-4686-ac0c-610043bf5b2d
Neonatal Care Form/QYJKpoUeg9F,Medication and intervention :: Frequency n,Medication and intervention,Frequency n,Every 4 hours,Every 4 hours,,,,Frequency,11db7d53-ab5c-4686-ac0c-610043bf5b2d
Neonatal Care Form/QYJKpoUeg9F,Medication and intervention :: Frequency n,Medication and intervention,Frequency n,QID,QID,,,,Frequency,11db7d53-ab5c-4686-ac0c-610043bf5b2d
Neonatal Care Form/QYJKpoUeg9F,Medication and intervention :: Frequency n,Medication and intervention,Frequency n,TID,TID,,,,Frequency,11db7d53-ab5c-4686-ac0c-610043bf5b2d
Neonatal Care Form/QYJKpoUeg9F,Medication and intervention :: If yes - Apnea Prevention/Treatment Administered,Medication and intervention,If yes - Apnea Prevention/Treatment Administered,Aminophyllin,Aminophylline,,,,If yes - Apnea Prevention/Treatment Administered,51db9c0d-c349-497d-a9dc-1934ccb86af1
Neonatal Care Form/QYJKpoUeg9F,Medication and intervention :: If yes - Apnea Prevention/Treatment Administered,Medication and intervention,If yes - Apnea Prevention/Treatment Administered,Caffeine,Caffeine,,,,If yes - Apnea Prevention/Treatment Administered,51db9c0d-c349-497d-a9dc-1934ccb86af1
Neonatal Care Form/QYJKpoUeg9F,Medication and intervention :: If yes - select antibiotic(s),Medication and intervention,If yes - select antibiotic(s),Amikacin,Amikacin,,,,If yes - select antibiotic(s),0163ef78-415b-4eb7-b87e-8a9d4f36d306
Neonatal Care Form/QYJKpoUeg9F,Medication and intervention :: If yes - select antibiotic(s),Medication and intervention,If yes - select antibiotic(s),Amoxicillin,Amoxicillin,,,,If yes - select antibiotic(s),0163ef78-415b-4eb7-b87e-8a9d4f36d306
Neonatal Care Form/QYJKpoUeg9F,Medication and intervention :: If yes - select antibiotic(s),Medication and intervention,If yes - select antibiotic(s),Ampicillin,Ampicillin,,,,If yes - select antibiotic(s),0163ef78-415b-4eb7-b87e-8a9d4f36d306
Neonatal Care Form/QYJKpoUeg9F,Medication and intervention :: If yes - select antibiotic(s),Medication and intervention,If yes - select antibiotic(s),Benzathine penicillin,Benzathine Penicillin,,,,If yes - select antibiotic(s),0163ef78-415b-4eb7-b87e-8a9d4f36d306
Neonatal Care Form/QYJKpoUeg9F,Medication and intervention :: If yes - select antibiotic(s),Medication and intervention,If yes - select antibiotic(s),Cefalexin,Cefalexin,,,,If yes - select antibiotic(s),0163ef78-415b-4eb7-b87e-8a9d4f36d306
Neonatal Care Form/QYJKpoUeg9F,Medication and intervention :: If yes - select antibiotic(s),Medication and intervention,If yes - select antibiotic(s),Cefixime,Cefixime,,,,If yes - select antibiotic(s),0163ef78-415b-4eb7-b87e-8a9d4f36d306
Neonatal Care Form/QYJKpoUeg9F,Medication and intervention :: If yes - select antibiotic(s),Medication and intervention,If yes - select antibiotic(s),Cefotaxime,Cefotaxime,,,,If yes - select antibiotic(s),0163ef78-415b-4eb7-b87e-8a9d4f36d306
Neonatal Care Form/QYJKpoUeg9F,Medication and intervention :: If yes - select antibiotic(s),Medication and intervention,If yes - select antibiotic(s),Ceftazidime,Ceftazidime,,,,If yes - select antibiotic(s),0163ef78-415b-4eb7-b87e-8a9d4f36d306
Neonatal Care Form/QYJKpoUeg9F,Medication and intervention :: If yes - select antibiotic(s),Medication and intervention,If yes - select antibiotic(s),Ceftriaxone,Ceftriaxone,,,,If yes - select antibiotic(s),0163ef78-415b-4eb7-b87e-8a9d4f36d306
Neonatal Care Form/QYJKpoUeg9F,Medication and intervention :: If yes - select antibiotic(s),Medication and intervention,If yes - select antibiotic(s),Ciprofloxacin,Ciprofloxacin,,,,If yes - select antibiotic(s),0163ef78-415b-4eb7-b87e-8a9d4f36d306
Neonatal Care Form/QYJKpoUeg9F,Medication and intervention :: If yes - select antibiotic(s),Medication and intervention,If yes - select antibiotic(s),Clindamycin,Clindamycin,,,,If yes - select antibiotic(s),0163ef78-415b-4eb7-b87e-8a9d4f36d306
Neonatal Care Form/QYJKpoUeg9F,Medication and intervention :: If yes - select antibiotic(s),Medication and intervention,If yes - select antibiotic(s),Cloxacillin,Cloxacillin,,,,If yes - select antibiotic(s),0163ef78-415b-4eb7-b87e-8a9d4f36d306
Neonatal Care Form/QYJKpoUeg9F,Medication and intervention :: If yes - select antibiotic(s),Medication and intervention,If yes - select antibiotic(s),Crystalline Penicillin,Crystalline Penicillin,,,,If yes - select antibiotic(s),0163ef78-415b-4eb7-b87e-8a9d4f36d306
Neonatal Care Form/QYJKpoUeg9F,Medication and intervention :: If yes - select antibiotic(s),Medication and intervention,If yes - select antibiotic(s),Flucloxacillin,Flucloxacillin,,,,If yes - select antibiotic(s),0163ef78-415b-4eb7-b87e-8a9d4f36d306
Neonatal Care Form/QYJKpoUeg9F,Medication and intervention :: If yes - select antibiotic(s),Medication and intervention,If yes - select antibiotic(s),Gentamicin,Gentamicin,,,,If yes - select antibiotic(s),0163ef78-415b-4eb7-b87e-8a9d4f36d306
Neonatal Care Form/QYJKpoUeg9F,Medication and intervention :: If yes - select antibiotic(s),Medication and intervention,If yes - select antibiotic(s),Levofloxacin,Levofloxacin,,,,If yes - select antibiotic(s),0163ef78-415b-4eb7-b87e-8a9d4f36d306
Neonatal Care Form/QYJKpoUeg9F,Medication and intervention :: If yes - select antibiotic(s),Medication and intervention,If yes - select antibiotic(s),Meropenem,Meropenem,,,,If yes - select antibiotic(s),0163ef78-415b-4eb7-b87e-8a9d4f36d306
Neonatal Care Form/QYJKpoUeg9F,Medication and intervention :: If yes - select antibiotic(s),Medication and intervention,If yes - select antibiotic(s),Metronidazole,Metronidazole,,,,If yes - select antibiotic(s),0163ef78-415b-4eb7-b87e-8a9d4f36d306
Neonatal Care Form/QYJKpoUeg9F,Medication and intervention :: If yes - select antibiotic(s),Medication and intervention,If yes - select antibiotic(s),Other (specify below),Other (specify below),,,,If yes - select antibiotic(s),0163ef78-415b-4eb7-b87e-8a9d4f36d306
Neonatal Care Form/QYJKpoUeg9F,Medication and intervention :: If yes - select antibiotic(s),Medication and intervention,If yes - select antibiotic(s),Piperazine,Piperazine,,,,If yes - select antibiotic(s),0163ef78-415b-4eb7-b87e-8a9d4f36d306
Neonatal Care Form/QYJKpoUeg9F,Medication and intervention :: If yes - select antibiotic(s),Medication and intervention,If yes - select antibiotic(s),Tazobactam,Tazobactam,,,,If yes - select antibiotic(s),0163ef78-415b-4eb7-b87e-8a9d4f36d306
Neonatal Care Form/QYJKpoUeg9F,Medication and intervention :: If yes - select antibiotic(s),Medication and intervention,If yes - select antibiotic(s),Vancomycin,Vancomycin,,,,If yes - select antibiotic(s),0163ef78-415b-4eb7-b87e-8a9d4f36d306
Neonatal Care Form/QYJKpoUeg9F,Medication and intervention :: IV fluids administered?,Medication and intervention,IV fluids administered?,No,No,,,,IV fluids administered?,4edc66fd-0cb9-4d86-a29a-3f792c08bcd7
Neonatal Care Form/QYJKpoUeg9F,Medication and intervention :: IV fluids administered?,Medication and intervention,IV fluids administered?,Yes,Yes,,,,IV fluids administered?,4edc66fd-0cb9-4d86-a29a-3f792c08bcd7
Neonatal Care Form/QYJKpoUeg9F,Medication and intervention :: Medication route n,Medication and intervention,Medication route n,IM,IM,,,,Medication route,d897746c-9b4d-4c49-91d0-5cc33c03c621
Neonatal Care Form/QYJKpoUeg9F,Medication and intervention :: Medication route n,Medication and intervention,Medication route n,IV,IV,,,,Medication route,d897746c-9b4d-4c49-91d0-5cc33c03c621
Neonatal Care Form/QYJKpoUeg9F,Medication and intervention :: Medication route n,Medication and intervention,Medication route n,PO,PO,,,,Medication route,d897746c-9b4d-4c49-91d0-5cc33c03c621
Neonatal Care Form/QYJKpoUeg9F,Medication and intervention :: Oxygen Therapy Administered?,Medication and intervention,Oxygen Therapy Administered?,No,No,,,,Oxygen Therapy Administered?,a86df04c-0536-4b44-b22c-cd038d9a4de1
Neonatal Care Form/QYJKpoUeg9F,Medication and intervention :: Oxygen Therapy Administered?,Medication and intervention,Oxygen Therapy Administered?,Yes,Yes,,,,Oxygen Therapy Administered?,a86df04c-0536-4b44-b22c-cd038d9a4de1
Neonatal Care Form/QYJKpoUeg9F,Medication and intervention :: Phototherapy Administered?,Medication and intervention,Phototherapy Administered?,No,No,,,,Phototherapy Administered?,fc1f011e-75a8-4996-942a-1e191b6aa182
Neonatal Care Form/QYJKpoUeg9F,Medication and intervention :: Phototherapy Administered?,Medication and intervention,Phototherapy Administered?,Yes,Yes,,,,Phototherapy Administered?,fc1f011e-75a8-4996-942a-1e191b6aa182
Neonatal Care Form/QYJKpoUeg9F,Medication and intervention :: Time of Administration,Medication and intervention,Time of Administration,10AM,10AM,,,,Time of Administration,c82035d4-ebff-4bb6-b010-f48b44c9e7aa
Neonatal Care Form/QYJKpoUeg9F,Medication and intervention :: Time of Administration,Medication and intervention,Time of Administration,10pm,10pm,,,,Time of Administration,c82035d4-ebff-4bb6-b010-f48b44c9e7aa
Neonatal Care Form/QYJKpoUeg9F,Medication and intervention :: Time of Administration,Medication and intervention,Time of Administration,12am Mid-Night,12am Mid-Night,,,,Time of Administration,c82035d4-ebff-4bb6-b010-f48b44c9e7aa
Neonatal Care Form/QYJKpoUeg9F,Medication and intervention :: Time of Administration,Medication and intervention,Time of Administration,12PM Mid-Day,12PM Mid-Day,,,,Time of Administration,c82035d4-ebff-4bb6-b010-f48b44c9e7aa
Neonatal Care Form/QYJKpoUeg9F,Medication and intervention :: Time of Administration,Medication and intervention,Time of Administration,2Am,2Am,,,,Time of Administration,c82035d4-ebff-4bb6-b010-f48b44c9e7aa
Neonatal Care Form/QYJKpoUeg9F,Medication and intervention :: Time of Administration,Medication and intervention,Time of Administration,2pm,2pm,,,,Time of Administration,c82035d4-ebff-4bb6-b010-f48b44c9e7aa
Neonatal Care Form/QYJKpoUeg9F,Medication and intervention :: Time of Administration,Medication and intervention,Time of Administration,6AM Morning,6AM Morning,,,,Time of Administration,c82035d4-ebff-4bb6-b010-f48b44c9e7aa
Neonatal Care Form/QYJKpoUeg9F,Medication and intervention :: Time of Administration,Medication and intervention,Time of Administration,6pm Night,6pm Night,,,,Time of Administration,c82035d4-ebff-4bb6-b010-f48b44c9e7aa
Neonatal Care Form/QYJKpoUeg9F,Medication and intervention :: Transfusion given?,Medication and intervention,Transfusion given?,No,No,,,,Transfusion given?,d1c460b5-0a5c-4a84-89d2-19d9e24c49c6
Neonatal Care Form/QYJKpoUeg9F,Medication and intervention :: Transfusion given?,Medication and intervention,Transfusion given?,Yes - Blood transfusion,Yes - Blood transfusion,,,,Transfusion given?,d1c460b5-0a5c-4a84-89d2-19d9e24c49c6
Neonatal Care Form/QYJKpoUeg9F,Medication and intervention :: Transfusion given?,Medication and intervention,Transfusion given?,Yes - Exchange blood transfusion,Yes - Exchange blood transfusion,,,,Transfusion given?,d1c460b5-0a5c-4a84-89d2-19d9e24c49c6
Maternal Inpatient Data/aLoraiFNkng,MGSO4 follow up :: Dose for LOADING Dose 14GM mgso4,MGSO4 follow up,Dose for LOADING Dose 14GM mgso4,4g MgSo4in 12m ln N/S,4g MgSo4in 12m ln N/S,,,,Dose,6de0fd97-5bcb-4ee2-ba09-8db3b4cb577f
Maternal Inpatient Data/aLoraiFNkng,MGSO4 follow up :: Drug type mgso4,MGSO4 follow up,Drug type mgso4,If convulsion Re occur/15min,If convulsion Re occur/15min,,,,Drug Type/Name,227578f5-af65-4773-8953-99707cbf14f0
Maternal Inpatient Data/aLoraiFNkng,MGSO4 follow up :: Drug type mgso4,MGSO4 follow up,Drug type mgso4,LOADING Dose 4gm IV + 10gm IM,LOADING Dose 4gm IV + 10gm IM,,,,Drug Type/Name,227578f5-af65-4773-8953-99707cbf14f0
Maternal Inpatient Data/aLoraiFNkng,MGSO4 follow up :: Drug type mgso4,MGSO4 follow up,Drug type mgso4,Maintenance,Maintenance,,,,Drug Type/Name,227578f5-af65-4773-8953-99707cbf14f0
Maternal Inpatient Data/aLoraiFNkng,MGSO4 follow up :: Drug type mgso4,MGSO4 follow up,Drug type mgso4,Maintenance Post delivery,Maintenance Post delivery,,,,Drug Type/Name,227578f5-af65-4773-8953-99707cbf14f0
Maternal Inpatient Data/aLoraiFNkng,MGSO4 follow up :: DTR mgso4,MGSO4 follow up,DTR mgso4,Absent,Absent,,,,DTR,00a43846-7160-47f9-91df-1915d3737627
Maternal Inpatient Data/aLoraiFNkng,MGSO4 follow up :: DTR mgso4,MGSO4 follow up,DTR mgso4,Present,Present,,,,DTR,00a43846-7160-47f9-91df-1915d3737627
Maternal Inpatient Data/aLoraiFNkng,MGSO4 follow up :: If convulsion Re occur/15min dose mgso4,MGSO4 follow up,If convulsion Re occur/15min dose mgso4,2g,2g,,,,If convulsion Re occur/15min dose,bef35017-8384-4ac2-9bde-de78539ea758
Maternal Inpatient Data/aLoraiFNkng,MGSO4 follow up :: Injection Site mgso4,MGSO4 follow up,Injection Site mgso4,Left Leg Thigh,Left Leg Thigh,,,,Injection Site,360334d0-d0b2-4a52-8d49-3087cd833b91
Maternal Inpatient Data/aLoraiFNkng,MGSO4 follow up :: Injection Site mgso4,MGSO4 follow up,Injection Site mgso4,Right Leg Thigh,Right Leg Thigh,,,,Injection Site,360334d0-d0b2-4a52-8d49-3087cd833b91
Maternal Inpatient Data/aLoraiFNkng,MGSO4 follow up :: Maintenance dose mgso4,MGSO4 follow up,Maintenance dose mgso4,2.5gm,2.5gm,,,,Maintenance dose,898900a7-b0d3-4cff-8c48-534682ff4bcf
Maternal Inpatient Data/aLoraiFNkng,MGSO4 follow up :: Maintenance dose mgso4,MGSO4 follow up,Maintenance dose mgso4,5gm,5gm,,,,Maintenance dose,898900a7-b0d3-4cff-8c48-534682ff4bcf
Maternal Inpatient Data/aLoraiFNkng,MGSO4 follow up :: Maintenance dose mgso4,MGSO4 follow up,Maintenance dose mgso4,Not Given,Not Given,,,,Maintenance dose,898900a7-b0d3-4cff-8c48-534682ff4bcf
Maternal Inpatient Data/aLoraiFNkng,MGSO4 follow up :: Maintenance Post delivery dose mgso4,MGSO4 follow up,Maintenance Post delivery dose mgso4,1st,1st,,,,Maintenance Post delivery dose,dbea4ef6-8632-40b2-b5af-389188d1d257
Maternal Inpatient Data/aLoraiFNkng,MGSO4 follow up :: Maintenance Post delivery dose mgso4,MGSO4 follow up,Maintenance Post delivery dose mgso4,2nd,2nd,,,,Maintenance Post delivery dose,dbea4ef6-8632-40b2-b5af-389188d1d257
Maternal Inpatient Data/aLoraiFNkng,MGSO4 follow up :: Maintenance Post delivery dose mgso4,MGSO4 follow up,Maintenance Post delivery dose mgso4,3rd,3rd,,,,Maintenance Post delivery dose,dbea4ef6-8632-40b2-b5af-389188d1d257
Maternal Inpatient Data/aLoraiFNkng,MGSO4 follow up :: Maintenance Post delivery dose mgso4,MGSO4 follow up,Maintenance Post delivery dose mgso4,4th,4th,,,,Maintenance Post delivery dose,dbea4ef6-8632-40b2-b5af-389188d1d257
Maternal Inpatient Data/aLoraiFNkng,MGSO4 follow up :: Maintenance Post delivery dose mgso4,MGSO4 follow up,Maintenance Post delivery dose mgso4,5th,5th,,,,Maintenance Post delivery dose,dbea4ef6-8632-40b2-b5af-389188d1d257
Maternal Inpatient Data/aLoraiFNkng,MGSO4 follow up :: Maintenance Post delivery dose mgso4,MGSO4 follow up,Maintenance Post delivery dose mgso4,6th,6th,,,,Maintenance Post delivery dose,dbea4ef6-8632-40b2-b5af-389188d1d257
Neonatal Care Form/QYJKpoUeg9F,Neonatal referral form :: ANC Visit ref,Neonatal referral form,ANC Visit ref,No,No,,,,ANC Visit,33426ada-f53a-4255-9c51-713f33d10a3c
Neonatal Care Form/QYJKpoUeg9F,Neonatal referral form :: ANC Visit ref,Neonatal referral form,ANC Visit ref,Yes,Yes,,,,ANC Visit,33426ada-f53a-4255-9c51-713f33d10a3c
Neonatal Care Form/QYJKpoUeg9F,Neonatal referral form :: Anti D given ref,Neonatal referral form,Anti D given ref,No,No,,,,Anti D given,925204a3-de11-4720-ae24-2eb0386dbb12
Neonatal Care Form/QYJKpoUeg9F,Neonatal referral form :: Anti D given ref,Neonatal referral form,Anti D given ref,Yes,Yes,,,,Anti D given,925204a3-de11-4720-ae24-2eb0386dbb12
Neonatal Care Form/QYJKpoUeg9F,Neonatal referral form :: Baby dried thoroughly at birth,Neonatal referral form,Baby dried thoroughly at birth,No,No,,,,Baby dried thoroughly at birth,0710323e-33d7-4918-8308-ba5a8d76c893
Neonatal Care Form/QYJKpoUeg9F,Neonatal referral form :: Baby dried thoroughly at birth,Neonatal referral form,Baby dried thoroughly at birth,Yes,Yes,,,,Baby dried thoroughly at birth,0710323e-33d7-4918-8308-ba5a8d76c893
Neonatal Care Form/QYJKpoUeg9F,Neonatal referral form :: Baby placed in iKMC,Neonatal referral form,Baby placed in iKMC,No,No,,,,Baby placed in iKMC,d7ae5e5f-a3b8-4a78-8c08-d1046b4199b1
Neonatal Care Form/QYJKpoUeg9F,Neonatal referral form :: Baby placed in iKMC,Neonatal referral form,Baby placed in iKMC,Yes,Yes,,,,Baby placed in iKMC,d7ae5e5f-a3b8-4a78-8c08-d1046b4199b1
Neonatal Care Form/QYJKpoUeg9F,Neonatal referral form :: Baby placed in plastic bag,Neonatal referral form,Baby placed in plastic bag,No,No,,,,Baby placed in plastic bag,cad06e57-a68e-4d96-9742-f7c9e532fc7b
Neonatal Care Form/QYJKpoUeg9F,Neonatal referral form :: Baby placed in plastic bag,Neonatal referral form,Baby placed in plastic bag,Yes,Yes,,,,Baby placed in plastic bag,cad06e57-a68e-4d96-9742-f7c9e532fc7b
Neonatal Care Form/QYJKpoUeg9F,Neonatal referral form :: Baby placed on CPAP,Neonatal referral form,Baby placed on CPAP,No,No,,,,Baby placed on CPAP,c539a31c-9a06-4eac-89c2-192325e4f908
Neonatal Care Form/QYJKpoUeg9F,Neonatal referral form :: Baby placed on CPAP,Neonatal referral form,Baby placed on CPAP,Yes,Yes,,,,Baby placed on CPAP,c539a31c-9a06-4eac-89c2-192325e4f908
Neonatal Care Form/QYJKpoUeg9F,Neonatal referral form :: Baby placed skin to skin at birth,Neonatal referral form,Baby placed skin to skin at birth,No,No,,,,Baby placed skin to skin at birth,a1a31fe3-88d4-44c3-b870-5828b7552057
Neonatal Care Form/QYJKpoUeg9F,Neonatal referral form :: Baby placed skin to skin at birth,Neonatal referral form,Baby placed skin to skin at birth,Yes,Yes,,,,Baby placed skin to skin at birth,a1a31fe3-88d4-44c3-b870-5828b7552057
Neonatal Care Form/QYJKpoUeg9F,Neonatal referral form :: Bag and Mask,Neonatal referral form,Bag and Mask,No,No,,,,Bag and Mask,347eb295-e64e-410b-93d9-d3f757ab19ad
Neonatal Care Form/QYJKpoUeg9F,Neonatal referral form :: Bag and Mask,Neonatal referral form,Bag and Mask,Yes,Yes,,,,Bag and Mask,347eb295-e64e-410b-93d9-d3f757ab19ad
Neonatal Care Form/QYJKpoUeg9F,Neonatal referral form :: Ballard Score ref,Neonatal referral form,Ballard Score ref,No,No,,,,Ballard Score,5c56bb76-6d92-4c73-b6d6-7f077946cf55
Neonatal Care Form/QYJKpoUeg9F,Neonatal referral form :: Ballard Score ref,Neonatal referral form,Ballard Score ref,Yes,Yes,,,,Ballard Score,5c56bb76-6d92-4c73-b6d6-7f077946cf55
Neonatal Care Form/QYJKpoUeg9F,Neonatal referral form :: Blood group done ref,Neonatal referral form,Blood group done ref,No,No,,,,Blood group done,e664fa0e-e436-4e62-8231-9bc681cb66e9
Neonatal Care Form/QYJKpoUeg9F,Neonatal referral form :: Blood group done ref,Neonatal referral form,Blood group done ref,Yes,Yes,,,,Blood group done,e664fa0e-e436-4e62-8231-9bc681cb66e9
Neonatal Care Form/QYJKpoUeg9F,Neonatal referral form :: Chlorhexdine 4%,Neonatal referral form,Chlorhexdine 4%,No,No,,,,Chlorhexdine 4%,be06f32b-f57b-4f2d-85bf-3e52279c5cde
Neonatal Care Form/QYJKpoUeg9F,Neonatal referral form :: Chlorhexdine 4%,Neonatal referral form,Chlorhexdine 4%,Yes,Yes,,,,Chlorhexdine 4%,be06f32b-f57b-4f2d-85bf-3e52279c5cde
Neonatal Care Form/QYJKpoUeg9F,Neonatal referral form :: COOMB’S test ref,Neonatal referral form,COOMB’S test ref,Negative,Negative,,,,COOMB’S test,d92278da-2811-4d8c-b6d4-cdd07dcec4b9
Neonatal Care Form/QYJKpoUeg9F,Neonatal referral form :: COOMB’S test ref,Neonatal referral form,COOMB’S test ref,Not done,Not Done,,,,COOMB’S test,d92278da-2811-4d8c-b6d4-cdd07dcec4b9
Neonatal Care Form/QYJKpoUeg9F,Neonatal referral form :: COOMB’S test ref,Neonatal referral form,COOMB’S test ref,Positive,Positive,,,,COOMB’S test,d92278da-2811-4d8c-b6d4-cdd07dcec4b9
Neonatal Care Form/QYJKpoUeg9F,Neonatal referral form :: Delayed Cord clamping done,Neonatal referral form,Delayed Cord clamping done,No,No,,,,Delayed Cord clamping done,0405a04c-960e-4f93-a284-73197c92cd9a
Neonatal Care Form/QYJKpoUeg9F,Neonatal referral form :: Delayed Cord clamping done,Neonatal referral form,Delayed Cord clamping done,Yes,Yes,,,,Delayed Cord clamping done,0405a04c-960e-4f93-a284-73197c92cd9a
Neonatal Care Form/QYJKpoUeg9F,Neonatal referral form :: Delivery attended by provider trained on HBB/ neonatal resuscitation,Neonatal referral form,Delivery attended by provider trained on HBB/ neonatal resuscitation,No,No,,,,Delivery attended by provider trained on HBB/ neonatal resuscitation?,e24a1f32-fa57-4c54-96b8-4f7a3f4fec05
Neonatal Care Form/QYJKpoUeg9F,Neonatal referral form :: Delivery attended by provider trained on HBB/ neonatal resuscitation,Neonatal referral form,Delivery attended by provider trained on HBB/ neonatal resuscitation,Yes,Yes,,,,Delivery attended by provider trained on HBB/ neonatal resuscitation?,e24a1f32-fa57-4c54-96b8-4f7a3f4fec05
Neonatal Care Form/QYJKpoUeg9F,Neonatal referral form :: Delivery n,Neonatal referral form,Delivery n,Assisted Breech,Assisted Breech,,,,Delivery,456be468-e2d9-4b78-acc2-9071676e487b
Neonatal Care Form/QYJKpoUeg9F,Neonatal referral form :: Delivery n,Neonatal referral form,Delivery n,Caesarean Section,Caesarean section,,,,Delivery,456be468-e2d9-4b78-acc2-9071676e487b
Neonatal Care Form/QYJKpoUeg9F,Neonatal referral form :: Delivery n,Neonatal referral form,Delivery n,Forceps,Forceps,,,,Delivery,456be468-e2d9-4b78-acc2-9071676e487b
Neonatal Care Form/QYJKpoUeg9F,Neonatal referral form :: Delivery n,Neonatal referral form,Delivery n,SVD,SVD,,,,Delivery,456be468-e2d9-4b78-acc2-9071676e487b
Neonatal Care Form/QYJKpoUeg9F,Neonatal referral form :: Delivery n,Neonatal referral form,Delivery n,Vacuum,Vacuum,,,,Delivery,456be468-e2d9-4b78-acc2-9071676e487b
Neonatal Care Form/QYJKpoUeg9F,Neonatal referral form :: Estimated by: Obstetric Ultrasound ref,Neonatal referral form,Estimated by: Obstetric Ultrasound ref,No,No,,,,Estimated by: Obstetric Ultrasound,f62655b6-7ece-48e0-8b8e-ad1da444ef2f
Neonatal Care Form/QYJKpoUeg9F,Neonatal referral form :: Estimated by: Obstetric Ultrasound ref,Neonatal referral form,Estimated by: Obstetric Ultrasound ref,Yes,Yes,,,,Estimated by: Obstetric Ultrasound,f62655b6-7ece-48e0-8b8e-ad1da444ef2f
Neonatal Care Form/QYJKpoUeg9F,Neonatal referral form :: Feeding initiated,Neonatal referral form,Feeding initiated,No,No,,,,Feeding initiated,773b96ce-909e-430f-b92b-09a883d4ff5c
Neonatal Care Form/QYJKpoUeg9F,Neonatal referral form :: Feeding initiated,Neonatal referral form,Feeding initiated,Yes,Yes,,,,Feeding initiated,773b96ce-909e-430f-b92b-09a883d4ff5c
Neonatal Care Form/QYJKpoUeg9F,Neonatal referral form :: Fundal height ref,Neonatal referral form,Fundal height ref,No,No,,,,Fundal height,99453b5a-d788-4068-8364-2f8c97b4d241
Neonatal Care Form/QYJKpoUeg9F,Neonatal referral form :: Fundal height ref,Neonatal referral form,Fundal height ref,Yes,Yes,,,,Fundal height,99453b5a-d788-4068-8364-2f8c97b4d241
Neonatal Care Form/QYJKpoUeg9F,Neonatal referral form :: HBsAg ref,Neonatal referral form,HBsAg ref,Negative,Negative,,,,HBsAg,89d82f4b-6652-4633-91c5-a36c33262c5e
Neonatal Care Form/QYJKpoUeg9F,Neonatal referral form :: HBsAg ref,Neonatal referral form,HBsAg ref,Not done,Not Done,,,,HBsAg,89d82f4b-6652-4633-91c5-a36c33262c5e
Neonatal Care Form/QYJKpoUeg9F,Neonatal referral form :: HBsAg ref,Neonatal referral form,HBsAg ref,Positive,Positive,,,,HBsAg,89d82f4b-6652-4633-91c5-a36c33262c5e
Neonatal Care Form/QYJKpoUeg9F,Neonatal referral form :: If done tick what was done,Neonatal referral form,If done tick what was done,bag mask ventilation,Bag mask ventilation,,,,If done tick what was done,924dbd22-7796-4330-a0d5-c90176153ff9
Neonatal Care Form/QYJKpoUeg9F,Neonatal referral form :: If done tick what was done,Neonatal referral form,If done tick what was done,chest compression,Chest compression,,,,If done tick what was done,924dbd22-7796-4330-a0d5-c90176153ff9
Neonatal Care Form/QYJKpoUeg9F,Neonatal referral form :: If done tick what was done,Neonatal referral form,If done tick what was done,Intubation,Intubation,,,,If done tick what was done,924dbd22-7796-4330-a0d5-c90176153ff9
Neonatal Care Form/QYJKpoUeg9F,Neonatal referral form :: If done tick what was done,Neonatal referral form,If done tick what was done,supplemental oxygen,Supplemental oxygen,,,,If done tick what was done,924dbd22-7796-4330-a0d5-c90176153ff9
Neonatal Care Form/QYJKpoUeg9F,"Neonatal referral form :: If yes, on HAART ref",Neonatal referral form,"If yes, on HAART ref",No,No,,,,"If yes, on HAART",7b3bf618-1900-452a-8b64-a5dcf0bca80f
Neonatal Care Form/QYJKpoUeg9F,"Neonatal referral form :: If yes, on HAART ref",Neonatal referral form,"If yes, on HAART ref",Yes,Yes,,,,"If yes, on HAART",7b3bf618-1900-452a-8b64-a5dcf0bca80f
Neonatal Care Form/QYJKpoUeg9F,Neonatal referral form :: Infant prophylaxis started ref,Neonatal referral form,Infant prophylaxis started ref,No,No,,,,Infant prophylaxis started,c26659a7-12a6-4db0-be62-8d5fcf3a7e80
Neonatal Care Form/QYJKpoUeg9F,Neonatal referral form :: Infant prophylaxis started ref,Neonatal referral form,Infant prophylaxis started ref,Yes,Yes,,,,Infant prophylaxis started,c26659a7-12a6-4db0-be62-8d5fcf3a7e80
Neonatal Care Form/QYJKpoUeg9F,Neonatal referral form :: Intra/Inter facility transfer,Neonatal referral form,Intra/Inter facility transfer,Inter facility transfer,Inter facility transfer,,,,Intra/Inter facility transfer,48896166-3877-4704-9ecf-02a460815314
Neonatal Care Form/QYJKpoUeg9F,Neonatal referral form :: Intra/Inter facility transfer,Neonatal referral form,Intra/Inter facility transfer,Intra facility transfer,Intra facility transfer,,,,Intra/Inter facility transfer,48896166-3877-4704-9ecf-02a460815314
Neonatal Care Form/QYJKpoUeg9F,Neonatal referral form :: Labour n,Neonatal referral form,Labour n,Induced,Induced,,,,Labour,9e6f69ed-333a-46e0-bee0-55462ab897d2
Neonatal Care Form/QYJKpoUeg9F,Neonatal referral form :: Labour n,Neonatal referral form,Labour n,spontaneous,Spontaneous,,,,Labour,9e6f69ed-333a-46e0-bee0-55462ab897d2
Neonatal Care Form/QYJKpoUeg9F,Neonatal referral form :: Meconium sucked from oropharynx,Neonatal referral form,Meconium sucked from oropharynx,No,No,,,,Meconium sucked from oropharynx,adf0e034-f88f-439d-9e5d-c3a24ed1a074
Neonatal Care Form/QYJKpoUeg9F,Neonatal referral form :: Meconium sucked from oropharynx,Neonatal referral form,Meconium sucked from oropharynx,Yes,Yes,,,,Meconium sucked from oropharynx,adf0e034-f88f-439d-9e5d-c3a24ed1a074
Neonatal Care Form/QYJKpoUeg9F,Neonatal referral form :: Mother PICT ref,Neonatal referral form,Mother PICT ref,Negative,Negative,,,,Mother PICT,e1ec9bb6-3b3b-4ff9-b2d7-f3b802ad73aa
Neonatal Care Form/QYJKpoUeg9F,Neonatal referral form :: Mother PICT ref,Neonatal referral form,Mother PICT ref,Positive,Positive,,,,Mother PICT,e1ec9bb6-3b3b-4ff9-b2d7-f3b802ad73aa
Neonatal Care Form/QYJKpoUeg9F,Neonatal referral form :: Neonatal resuscitation done,Neonatal referral form,Neonatal resuscitation done,No,No,,,,Neonatal resuscitation done,3b361ffe-ddb3-44ae-93e6-f9862e01eb3e
Neonatal Care Form/QYJKpoUeg9F,Neonatal referral form :: Neonatal resuscitation done,Neonatal referral form,Neonatal resuscitation done,Yes,Yes,,,,Neonatal resuscitation done,3b361ffe-ddb3-44ae-93e6-f9862e01eb3e
Neonatal Care Form/QYJKpoUeg9F,Neonatal referral form :: RH ref,Neonatal referral form,RH ref,Negative,Negative,,,,RH,ffa2427a-9c13-4529-b1b8-dd7734c94a55
Neonatal Care Form/QYJKpoUeg9F,Neonatal referral form :: RH ref,Neonatal referral form,RH ref,Positive,Positive,,,,RH,ffa2427a-9c13-4529-b1b8-dd7734c94a55
Neonatal Care Form/QYJKpoUeg9F,Neonatal referral form :: Singleton-Multiple,Neonatal referral form,Singleton-Multiple,Singleton,Singleton,,,,Singleton-Multiple,dafdc167-f731-4a32-a5b6-b5fd7741e48e
Neonatal Care Form/QYJKpoUeg9F,Neonatal referral form :: Singleton-Multiple,Neonatal referral form,Singleton-Multiple,Triplet,Triplet,,,,Singleton-Multiple,dafdc167-f731-4a32-a5b6-b5fd7741e48e
Neonatal Care Form/QYJKpoUeg9F,Neonatal referral form :: Singleton-Multiple,Neonatal referral form,Singleton-Multiple,Twin,Twin,,,,Singleton-Multiple,dafdc167-f731-4a32-a5b6-b5fd7741e48e
Neonatal Care Form/QYJKpoUeg9F,Neonatal referral form :: TT vaccine ref,Neonatal referral form,TT vaccine ref,No,No,,,,TT vaccine,2cd22599-037a-4d3b-a9ca-e16e5e52be40
Neonatal Care Form/QYJKpoUeg9F,Neonatal referral form :: TT vaccine ref,Neonatal referral form,TT vaccine ref,Yes,Yes,,,,TT vaccine,2cd22599-037a-4d3b-a9ca-e16e5e52be40
Neonatal Care Form/QYJKpoUeg9F,Neonatal referral form :: TTC Eye prophylaxis given,Neonatal referral form,TTC Eye prophylaxis given,No,No,,,,TTC Eye prophylaxis given,4abd5628-0471-4bbb-b8c1-44bdc8402c89
Neonatal Care Form/QYJKpoUeg9F,Neonatal referral form :: TTC Eye prophylaxis given,Neonatal referral form,TTC Eye prophylaxis given,Yes,Yes,,,,TTC Eye prophylaxis given,4abd5628-0471-4bbb-b8c1-44bdc8402c89
Neonatal Care Form/QYJKpoUeg9F,Neonatal referral form :: VDRL ref,Neonatal referral form,VDRL ref,Negative,Negative,,,,VDRL,12b5ea8f-107f-4d39-b42a-7b3d434de529
Neonatal Care Form/QYJKpoUeg9F,Neonatal referral form :: VDRL ref,Neonatal referral form,VDRL ref,Not done,Not Done,,,,VDRL,12b5ea8f-107f-4d39-b42a-7b3d434de529
Neonatal Care Form/QYJKpoUeg9F,Neonatal referral form :: VDRL ref,Neonatal referral form,VDRL ref,Positive,Positive,,,,VDRL,12b5ea8f-107f-4d39-b42a-7b3d434de529
Neonatal Care Form/QYJKpoUeg9F,Neonatal referral form :: Vitamin K given,Neonatal referral form,Vitamin K given,No,No,,,,Vitamin K given,85dc898e-1045-4f84-8885-416f915519eb
Neonatal Care Form/QYJKpoUeg9F,Neonatal referral form :: Vitamin K given,Neonatal referral form,Vitamin K given,Yes,Yes,,,,Vitamin K given,85dc898e-1045-4f84-8885-416f915519eb
Neonatal Care Form/QYJKpoUeg9F,NICU Admission Careform :: Admission age unit n,NICU Admission Careform,Admission age unit n,Days,Days,,,,Admission age unit,07366c22-80c1-49c9-a033-8f324f4a0c45
Neonatal Care Form/QYJKpoUeg9F,NICU Admission Careform :: Admission age unit n,NICU Admission Careform,Admission age unit n,Hours,Hours,,,,Admission age unit,07366c22-80c1-49c9-a033-8f324f4a0c45
Neonatal Care Form/QYJKpoUeg9F,NICU Admission Careform :: Admission age unit n,NICU Admission Careform,Admission age unit n,Minutes,Minutes,,,,Admission age unit,07366c22-80c1-49c9-a033-8f324f4a0c45
Neonatal Care Form/QYJKpoUeg9F,NICU Admission Careform :: Amniotic fluid was,NICU Admission Careform,Amniotic fluid was,Clear,Clear,,,,Amniotic fluid was,92a95114-17e5-458e-a1c2-76324bd2b6bc
Neonatal Care Form/QYJKpoUeg9F,NICU Admission Careform :: Amniotic fluid was,NICU Admission Careform,Amniotic fluid was,Foul smelling discharge,Foul smelling discharge,,,,Amniotic fluid was,92a95114-17e5-458e-a1c2-76324bd2b6bc
Neonatal Care Form/QYJKpoUeg9F,NICU Admission Careform :: Amniotic fluid was,NICU Admission Careform,Amniotic fluid was,Meconium stained,Meconium stained,,,,Amniotic fluid was,92a95114-17e5-458e-a1c2-76324bd2b6bc
Neonatal Care Form/QYJKpoUeg9F,NICU Admission Careform :: Amniotic fluid was,NICU Admission Careform,Amniotic fluid was,Not recorded,Not recorded,,,,Amniotic fluid was,92a95114-17e5-458e-a1c2-76324bd2b6bc
Neonatal Care Form/QYJKpoUeg9F,NICU Admission Careform :: Amniotic fluid was,NICU Admission Careform,Amniotic fluid was,Unknown,Unknown,,,,Amniotic fluid was,92a95114-17e5-458e-a1c2-76324bd2b6bc
Neonatal Care Form/QYJKpoUeg9F,NICU Admission Careform :: ANC visit,NICU Admission Careform,ANC visit,No,No,,,,ANC visit,5ec807be-a3a5-4708-a2c4-c79b84ce125a
Neonatal Care Form/QYJKpoUeg9F,NICU Admission Careform :: ANC visit,NICU Admission Careform,ANC visit,Yes,Yes,,,,ANC visit,5ec807be-a3a5-4708-a2c4-c79b84ce125a
Neonatal Care Form/QYJKpoUeg9F,NICU Admission Careform :: Any abnormality from System Examination,NICU Admission Careform,Any abnormality from System Examination,Abdomen,Abdomen,,,,Any abnormality from System Examination?,04587cf2-7664-4eb1-98d8-0e86bc2bc17b
Neonatal Care Form/QYJKpoUeg9F,NICU Admission Careform :: Any abnormality from System Examination,NICU Admission Careform,Any abnormality from System Examination,CENTRAL NERVOUS SYSTEM,CENTRAL NERVOUS SYSTEM,,,,Any abnormality from System Examination?,04587cf2-7664-4eb1-98d8-0e86bc2bc17b
Neonatal Care Form/QYJKpoUeg9F,NICU Admission Careform :: Any abnormality from System Examination,NICU Admission Careform,Any abnormality from System Examination,Chest,CHEST,,,,Any abnormality from System Examination?,04587cf2-7664-4eb1-98d8-0e86bc2bc17b
Neonatal Care Form/QYJKpoUeg9F,NICU Admission Careform :: Any abnormality from System Examination,NICU Admission Careform,Any abnormality from System Examination,CVS,CVS,,,,Any abnormality from System Examination?,04587cf2-7664-4eb1-98d8-0e86bc2bc17b
Neonatal Care Form/QYJKpoUeg9F,NICU Admission Careform :: Any abnormality from System Examination,NICU Admission Careform,Any abnormality from System Examination,GENITALIA,GENITALIA,,,,Any abnormality from System Examination?,04587cf2-7664-4eb1-98d8-0e86bc2bc17b
Neonatal Care Form/QYJKpoUeg9F,NICU Admission Careform :: Any abnormality from System Examination,NICU Admission Careform,Any abnormality from System Examination,HEENT,HEENT,,,,Any abnormality from System Examination?,04587cf2-7664-4eb1-98d8-0e86bc2bc17b
Neonatal Care Form/QYJKpoUeg9F,NICU Admission Careform :: Any abnormality from System Examination,NICU Admission Careform,Any abnormality from System Examination,Integumentary system,INTEGUMENTARY SYSTEM,,,,Any abnormality from System Examination?,04587cf2-7664-4eb1-98d8-0e86bc2bc17b
Neonatal Care Form/QYJKpoUeg9F,NICU Admission Careform :: Any abnormality from System Examination,NICU Admission Careform,Any abnormality from System Examination,LGS,LGS,,,,Any abnormality from System Examination?,04587cf2-7664-4eb1-98d8-0e86bc2bc17b
Neonatal Care Form/QYJKpoUeg9F,NICU Admission Careform :: Any abnormality from System Examination,NICU Admission Careform,Any abnormality from System Examination,MUSCULOSKELETAL SYSTEM,MUSCULOSKELETAL SYSTEM,,,,Any abnormality from System Examination?,04587cf2-7664-4eb1-98d8-0e86bc2bc17b
Neonatal Care Form/QYJKpoUeg9F,NICU Admission Careform :: Any abnormality from System Examination,NICU Admission Careform,Any abnormality from System Examination,NECK,NECK,,,,Any abnormality from System Examination?,04587cf2-7664-4eb1-98d8-0e86bc2bc17b
Neonatal Care Form/QYJKpoUeg9F,NICU Admission Careform :: APGAR score known,NICU Admission Careform,APGAR score known,No,No,,,,APGAR score known?,e8600787-5469-4418-af09-bc0a3cdda912
Neonatal Care Form/QYJKpoUeg9F,NICU Admission Careform :: APGAR score known,NICU Admission Careform,APGAR score known,Yes,Yes,,,,APGAR score known?,e8600787-5469-4418-af09-bc0a3cdda912
Neonatal Care Form/QYJKpoUeg9F,NICU Admission Careform :: Asphyxia,NICU Admission Careform,Asphyxia,No,No,,,,Asphyxia,3b2d76d6-f78c-455e-ace2-9448274bcd8c
Neonatal Care Form/QYJKpoUeg9F,NICU Admission Careform :: Asphyxia,NICU Admission Careform,Asphyxia,Yes,Yes,,,,Asphyxia,3b2d76d6-f78c-455e-ace2-9448274bcd8c
Neonatal Care Form/QYJKpoUeg9F,NICU Admission Careform :: Asphyxia stage,NICU Admission Careform,Asphyxia stage,Stage 1,Stage 1,,,,Asphyxia stage,564dfac8-6f3f-430a-a6ad-427d86ce3ab2
Neonatal Care Form/QYJKpoUeg9F,NICU Admission Careform :: Asphyxia stage,NICU Admission Careform,Asphyxia stage,Stage 2,Stage 2,,,,Asphyxia stage,564dfac8-6f3f-430a-a6ad-427d86ce3ab2
Neonatal Care Form/QYJKpoUeg9F,NICU Admission Careform :: Asphyxia stage,NICU Admission Careform,Asphyxia stage,Stage 3,Stage 3,,,,Asphyxia stage,564dfac8-6f3f-430a-a6ad-427d86ce3ab2
Neonatal Care Form/QYJKpoUeg9F,NICU Admission Careform :: Birth weight category,NICU Admission Careform,Birth weight category,AGA,AGA,,,,Birth weight category,33a128a2-0ef9-403c-85c6-0b0f2ef69d5a
Neonatal Care Form/QYJKpoUeg9F,NICU Admission Careform :: Birth weight category,NICU Admission Careform,Birth weight category,LGA,LGA,,,,Birth weight category,33a128a2-0ef9-403c-85c6-0b0f2ef69d5a
Neonatal Care Form/QYJKpoUeg9F,NICU Admission Careform :: Birth weight category,NICU Admission Careform,Birth weight category,SGA,SGA,,,,Birth weight category,33a128a2-0ef9-403c-85c6-0b0f2ef69d5a
Neonatal Care Form/QYJKpoUeg9F,NICU Admission Careform :: Blood group and Rh n,NICU Admission Careform,Blood group and Rh n,A+,A+,,,,Blood group and Rh,91fa9bcf-8b12-4026-91c3-f284f28b58f4
Neonatal Care Form/QYJKpoUeg9F,NICU Admission Careform :: Blood group and Rh n,NICU Admission Careform,Blood group and Rh n,A-,A+,,,,Blood group and Rh,91fa9bcf-8b12-4026-91c3-f284f28b58f4
Neonatal Care Form/QYJKpoUeg9F,NICU Admission Careform :: Blood group and Rh n,NICU Admission Careform,Blood group and Rh n,AB+,AB+,,,,Blood group and Rh,91fa9bcf-8b12-4026-91c3-f284f28b58f4
Neonatal Care Form/QYJKpoUeg9F,NICU Admission Careform :: Blood group and Rh n,NICU Admission Careform,Blood group and Rh n,AB−,AB+,,,,Blood group and Rh,91fa9bcf-8b12-4026-91c3-f284f28b58f4
Neonatal Care Form/QYJKpoUeg9F,NICU Admission Careform :: Blood group and Rh n,NICU Admission Careform,Blood group and Rh n,B+,B+,,,,Blood group and Rh,91fa9bcf-8b12-4026-91c3-f284f28b58f4
Neonatal Care Form/QYJKpoUeg9F,NICU Admission Careform :: Blood group and Rh n,NICU Admission Careform,Blood group and Rh n,B−,B+,,,,Blood group and Rh,91fa9bcf-8b12-4026-91c3-f284f28b58f4
Neonatal Care Form/QYJKpoUeg9F,NICU Admission Careform :: Blood group and Rh n,NICU Admission Careform,Blood group and Rh n,O+,O+,,,,Blood group and Rh,91fa9bcf-8b12-4026-91c3-f284f28b58f4
Neonatal Care Form/QYJKpoUeg9F,NICU Admission Careform :: Blood group and Rh n,NICU Admission Careform,Blood group and Rh n,O−,O+,,,,Blood group and Rh,91fa9bcf-8b12-4026-91c3-f284f28b58f4
Neonatal Care Form/QYJKpoUeg9F,NICU Admission Careform :: Breastfeeding initiated within 1 hr of birth,NICU Admission Careform,Breastfeeding initiated within 1 hr of birth,No,No,,,,Breastfeeding initiated within 1 hr of birth,80ba56ae-2e88-492a-9dd5-d91dd9ffe548
Neonatal Care Form/QYJKpoUeg9F,NICU Admission Careform :: Breastfeeding initiated within 1 hr of birth,NICU Admission Careform,Breastfeeding initiated within 1 hr of birth,Unknown,Unknown,,,,Breastfeeding initiated within 1 hr of birth,80ba56ae-2e88-492a-9dd5-d91dd9ffe548
Neonatal Care Form/QYJKpoUeg9F,NICU Admission Careform :: Breastfeeding initiated within 1 hr of birth,NICU Admission Careform,Breastfeeding initiated within 1 hr of birth,Yes,Yes,,,,Breastfeeding initiated within 1 hr of birth,80ba56ae-2e88-492a-9dd5-d91dd9ffe548
Neonatal Care Form/QYJKpoUeg9F,NICU Admission Careform :: Cord Chlorhexidine Administered,NICU Admission Careform,Cord Chlorhexidine Administered,No,No,,,,Cord Chlorhexidine Administered,9b8be91d-4fc8-4691-9cfa-6e9256a191ad
Neonatal Care Form/QYJKpoUeg9F,NICU Admission Careform :: Cord Chlorhexidine Administered,NICU Admission Careform,Cord Chlorhexidine Administered,Unknown,Unknown,,,,Cord Chlorhexidine Administered,9b8be91d-4fc8-4691-9cfa-6e9256a191ad
Neonatal Care Form/QYJKpoUeg9F,NICU Admission Careform :: Cord Chlorhexidine Administered,NICU Admission Careform,Cord Chlorhexidine Administered,Yes,Yes,,,,Cord Chlorhexidine Administered,9b8be91d-4fc8-4691-9cfa-6e9256a191ad
Neonatal Care Form/QYJKpoUeg9F,NICU Admission Careform :: Day/Night Local time,NICU Admission Careform,Day/Night Local time,DLT,DLT,,,,Day/Night Local time,1eeccd71-9195-4548-8427-70faec8317fa
Neonatal Care Form/QYJKpoUeg9F,NICU Admission Careform :: Day/Night Local time,NICU Admission Careform,Day/Night Local time,NLT,NLT,,,,Day/Night Local time,1eeccd71-9195-4548-8427-70faec8317fa
Neonatal Care Form/QYJKpoUeg9F,NICU Admission Careform :: Dysmorphysim,NICU Admission Careform,Dysmorphysim,No,No,,,,Dysmorphysim,f81a0d97-a8c9-428f-8a57-b4fc9b59f961
Neonatal Care Form/QYJKpoUeg9F,NICU Admission Careform :: Dysmorphysim,NICU Admission Careform,Dysmorphysim,Yes,Yes,,,,Dysmorphysim,f81a0d97-a8c9-428f-8a57-b4fc9b59f961
Neonatal Care Form/QYJKpoUeg9F,NICU Admission Careform :: General appearance,NICU Admission Careform,General appearance,ASL,ASL,,,,General appearance,0ff9ec67-371f-4866-ba3c-2a0884266a72
Neonatal Care Form/QYJKpoUeg9F,NICU Admission Careform :: General appearance,NICU Admission Careform,General appearance,CSL,CSL,,,,General appearance,0ff9ec67-371f-4866-ba3c-2a0884266a72
Neonatal Care Form/QYJKpoUeg9F,NICU Admission Careform :: General appearance,NICU Admission Careform,General appearance,Well looking,Well looking,,,,General appearance,0ff9ec67-371f-4866-ba3c-2a0884266a72
Neonatal Care Form/QYJKpoUeg9F,NICU Admission Careform :: HBsAg n,NICU Admission Careform,HBsAg n,Negative,Negative,,,,HBsAg,ce0b0409-ebf1-4dee-8366-3e98ee3bb1c9
Neonatal Care Form/QYJKpoUeg9F,NICU Admission Careform :: HBsAg n,NICU Admission Careform,HBsAg n,Not done,Not Done,,,,HBsAg,ce0b0409-ebf1-4dee-8366-3e98ee3bb1c9
Neonatal Care Form/QYJKpoUeg9F,NICU Admission Careform :: HBsAg n,NICU Admission Careform,HBsAg n,Positive,Positive,,,,HBsAg,ce0b0409-ebf1-4dee-8366-3e98ee3bb1c9
Neonatal Care Form/QYJKpoUeg9F,NICU Admission Careform :: HBsAg n,NICU Admission Careform,HBsAg n,Unknown,Unknown,,,,HBsAg,ce0b0409-ebf1-4dee-8366-3e98ee3bb1c9
Neonatal Care Form/QYJKpoUeg9F,"NICU Admission Careform :: If Resuscitated, tick what was done",NICU Admission Careform,"If Resuscitated, tick what was done",bag mask ventilation,Bag mask ventilation,,,,"If Resuscitated, tick what was done",4d1487aa-e86f-41d3-9d00-4d67694fc020
Neonatal Care Form/QYJKpoUeg9F,"NICU Admission Careform :: If Resuscitated, tick what was done",NICU Admission Careform,"If Resuscitated, tick what was done",chest compression,Chest compression,,,,"If Resuscitated, tick what was done",4d1487aa-e86f-41d3-9d00-4d67694fc020
Neonatal Care Form/QYJKpoUeg9F,"NICU Admission Careform :: If Resuscitated, tick what was done",NICU Admission Careform,"If Resuscitated, tick what was done",Epinephrine,Epinephrine,,,,"If Resuscitated, tick what was done",4d1487aa-e86f-41d3-9d00-4d67694fc020
Neonatal Care Form/QYJKpoUeg9F,"NICU Admission Careform :: If Resuscitated, tick what was done",NICU Admission Careform,"If Resuscitated, tick what was done",Fluid administered,Fluid administered,,,,"If Resuscitated, tick what was done",4d1487aa-e86f-41d3-9d00-4d67694fc020
Neonatal Care Form/QYJKpoUeg9F,"NICU Admission Careform :: If Resuscitated, tick what was done",NICU Admission Careform,"If Resuscitated, tick what was done",Intubation,Intubation,,,,"If Resuscitated, tick what was done",4d1487aa-e86f-41d3-9d00-4d67694fc020
Neonatal Care Form/QYJKpoUeg9F,"NICU Admission Careform :: If Resuscitated, tick what was done",NICU Admission Careform,"If Resuscitated, tick what was done",supplemental oxygen,Supplemental oxygen,,,,"If Resuscitated, tick what was done",4d1487aa-e86f-41d3-9d00-4d67694fc020
Neonatal Care Form/QYJKpoUeg9F,NICU Admission Careform :: if Unknown,NICU Admission Careform,if Unknown,cried immediately,cried immediately,,,,if Unknown,efe47e77-33a9-42a6-aff2-25e3e264ce6a
Neonatal Care Form/QYJKpoUeg9F,NICU Admission Careform :: if Unknown,NICU Admission Careform,if Unknown,not cried immediately,not cried immediately,,,,if Unknown,efe47e77-33a9-42a6-aff2-25e3e264ce6a
Neonatal Care Form/QYJKpoUeg9F,NICU Admission Careform :: Infant given prophylaxis,NICU Admission Careform,Infant given prophylaxis,No,No,,,,Infant given prophylaxis,f04a28a3-1d36-46ed-843f-465a70e7861d
Neonatal Care Form/QYJKpoUeg9F,NICU Admission Careform :: Infant given prophylaxis,NICU Admission Careform,Infant given prophylaxis,Yes,Yes,,,,Infant given prophylaxis,f04a28a3-1d36-46ed-843f-465a70e7861d
Neonatal Care Form/QYJKpoUeg9F,NICU Admission Careform :: Labor was,NICU Admission Careform,Labor was,Augmented,Augmented,,,,Labor was,037ed826-21ea-4e33-9bad-c51ff20d2c69
Neonatal Care Form/QYJKpoUeg9F,NICU Admission Careform :: Labor was,NICU Admission Careform,Labor was,Induced,Induced,,,,Labor was,037ed826-21ea-4e33-9bad-c51ff20d2c69
Neonatal Care Form/QYJKpoUeg9F,NICU Admission Careform :: Labor was,NICU Admission Careform,Labor was,spontaneous,Spontaneous,,,,Labor was,037ed826-21ea-4e33-9bad-c51ff20d2c69
Neonatal Care Form/QYJKpoUeg9F,NICU Admission Careform :: LNMP known n,NICU Admission Careform,LNMP known n,No,No,,,,LNMP known?,c911a61a-0b22-4daf-971c-ad1eb0c01c58
Neonatal Care Form/QYJKpoUeg9F,NICU Admission Careform :: LNMP known n,NICU Admission Careform,LNMP known n,Yes,Yes,,,,LNMP known?,c911a61a-0b22-4daf-971c-ad1eb0c01c58
Neonatal Care Form/QYJKpoUeg9F,NICU Admission Careform :: Maternal medication during pregnancy and labor,NICU Admission Careform,Maternal medication during pregnancy and labor,Antibiotic,Antibiotic,,,,Maternal medication during pregnancy and labor,693ee20c-ec97-401f-9340-368d4079846f
Neonatal Care Form/QYJKpoUeg9F,NICU Admission Careform :: Maternal medication during pregnancy and labor,NICU Admission Careform,Maternal medication during pregnancy and labor,Betamethasone,Betamethasone,,,,Maternal medication during pregnancy and labor,693ee20c-ec97-401f-9340-368d4079846f
Neonatal Care Form/QYJKpoUeg9F,NICU Admission Careform :: Maternal medication during pregnancy and labor,NICU Admission Careform,Maternal medication during pregnancy and labor,Dexamethasone,Dexamethasone,,,,Maternal medication during pregnancy and labor,693ee20c-ec97-401f-9340-368d4079846f
Neonatal Care Form/QYJKpoUeg9F,NICU Admission Careform :: Maternal medication during pregnancy and labor,NICU Admission Careform,Maternal medication during pregnancy and labor,Magnesium Sulphate,Magnesium Sulphate,,,,Maternal medication during pregnancy and labor,693ee20c-ec97-401f-9340-368d4079846f
Neonatal Care Form/QYJKpoUeg9F,NICU Admission Careform :: Maternal medication during pregnancy and labor,NICU Admission Careform,Maternal medication during pregnancy and labor,Other Medication,Other Medication,,,,Maternal medication during pregnancy and labor,693ee20c-ec97-401f-9340-368d4079846f
Neonatal Care Form/QYJKpoUeg9F,NICU Admission Careform :: Maternal Status,NICU Admission Careform,Maternal Status,Alive,Alive,,,,Maternal Status,78ac83c8-42d7-4ecf-895e-54fac94ed8da
Neonatal Care Form/QYJKpoUeg9F,NICU Admission Careform :: Maternal Status,NICU Admission Careform,Maternal Status,Dead,Dead,,,,Maternal Status,78ac83c8-42d7-4ecf-895e-54fac94ed8da
Neonatal Care Form/QYJKpoUeg9F,NICU Admission Careform :: Membrane ruptured,NICU Admission Careform,Membrane ruptured,Artificially,Artificially,,,,Membrane ruptured,bbdc7f6c-fe54-11ea-adc1-0242ac120002
Neonatal Care Form/QYJKpoUeg9F,NICU Admission Careform :: Membrane ruptured,NICU Admission Careform,Membrane ruptured,spontaneously,spontaneously,,,,Membrane ruptured,bbdc7f6c-fe54-11ea-adc1-0242ac120002
Neonatal Care Form/QYJKpoUeg9F,NICU Admission Careform :: Mode of delivery n,NICU Admission Careform,Mode of delivery n,Caesarean Section,Caesarean Section,,,,Mode of delivery,4e4e4046-f510-448b-8569-acbc53af9930
Neonatal Care Form/QYJKpoUeg9F,NICU Admission Careform :: Mode of delivery n,NICU Admission Careform,Mode of delivery n,Forceps assisted,Forceps assisted,,,,Mode of delivery,4e4e4046-f510-448b-8569-acbc53af9930
Neonatal Care Form/QYJKpoUeg9F,NICU Admission Careform :: Mode of delivery n,NICU Admission Careform,Mode of delivery n,SVD,SVD,,,,Mode of delivery,4e4e4046-f510-448b-8569-acbc53af9930
Neonatal Care Form/QYJKpoUeg9F,NICU Admission Careform :: Mode of delivery n,NICU Admission Careform,Mode of delivery n,vacuum assisted,vacuum assisted,,,,Mode of delivery,4e4e4046-f510-448b-8569-acbc53af9930
Neonatal Care Form/QYJKpoUeg9F,NICU Admission Careform :: Mother HIV status n,NICU Admission Careform,Mother HIV status n,Negative,Negative,,,,Mother HIV status,9e76773a-5969-44f5-89dc-891c3fafc696
Neonatal Care Form/QYJKpoUeg9F,NICU Admission Careform :: Mother HIV status n,NICU Admission Careform,Mother HIV status n,Positive,Positive,,,,Mother HIV status,9e76773a-5969-44f5-89dc-891c3fafc696
Neonatal Care Form/QYJKpoUeg9F,NICU Admission Careform :: Mother HIV status n,NICU Admission Careform,Mother HIV status n,Unknown,Unknown,,,,Mother HIV status,9e76773a-5969-44f5-89dc-891c3fafc696
Neonatal Care Form/QYJKpoUeg9F,NICU Admission Careform :: Mothers educational status,NICU Admission Careform,Mothers educational status,able to read and write,Able to read and write,,,,Mother's educational status,018a4f22-2644-4b1c-95d8-829b51468a2a
Neonatal Care Form/QYJKpoUeg9F,NICU Admission Careform :: Mothers educational status,NICU Admission Careform,Mothers educational status,College and Above,College and Above,,,,Mother's educational status,018a4f22-2644-4b1c-95d8-829b51468a2a
Neonatal Care Form/QYJKpoUeg9F,NICU Admission Careform :: Mothers educational status,NICU Admission Careform,Mothers educational status,Primary Education (1-8),Primary Education (1-8),,,,Mother's educational status,018a4f22-2644-4b1c-95d8-829b51468a2a
Neonatal Care Form/QYJKpoUeg9F,NICU Admission Careform :: Mothers educational status,NICU Admission Careform,Mothers educational status,Secondary Education (9-12),Secondary Education (9-12),,,,Mother's educational status,018a4f22-2644-4b1c-95d8-829b51468a2a
Neonatal Care Form/QYJKpoUeg9F,NICU Admission Careform :: Mothers educational status,NICU Admission Careform,Mothers educational status,Unable to read and write,Unable to read and write,,,,Mother's educational status,018a4f22-2644-4b1c-95d8-829b51468a2a
Neonatal Care Form/QYJKpoUeg9F,NICU Admission Careform :: Mothers occupation,NICU Admission Careform,Mothers occupation,Daily Labour,Daily labour,,,,Mother's occupation,1923f2cc-e539-4704-847f-9809a57f2c91
Neonatal Care Form/QYJKpoUeg9F,NICU Admission Careform :: Mothers occupation,NICU Admission Careform,Mothers occupation,Farmer,Farmer,,,,Mother's occupation,1923f2cc-e539-4704-847f-9809a57f2c91
Neonatal Care Form/QYJKpoUeg9F,NICU Admission Careform :: Mothers occupation,NICU Admission Careform,Mothers occupation,Government Employee,Government Employee,,,,Mother's occupation,1923f2cc-e539-4704-847f-9809a57f2c91
Neonatal Care Form/QYJKpoUeg9F,NICU Admission Careform :: Mothers occupation,NICU Admission Careform,Mothers occupation,Housewife,Housewife,,,,Mother's occupation,1923f2cc-e539-4704-847f-9809a57f2c91
Neonatal Care Form/QYJKpoUeg9F,NICU Admission Careform :: Mothers occupation,NICU Admission Careform,Mothers occupation,NGO employed,NGO employed,,,,Mother's occupation,1923f2cc-e539-4704-847f-9809a57f2c91
Neonatal Care Form/QYJKpoUeg9F,NICU Admission Careform :: Mothers occupation,NICU Admission Careform,Mothers occupation,Private company employee,Private company employee,,,,Mother's occupation,1923f2cc-e539-4704-847f-9809a57f2c91
Neonatal Care Form/QYJKpoUeg9F,NICU Admission Careform :: Mothers occupation,NICU Admission Careform,Mothers occupation,Self Employed,Self Employed,,,,Mother's occupation,1923f2cc-e539-4704-847f-9809a57f2c91
Neonatal Care Form/QYJKpoUeg9F,NICU Admission Careform :: Mothers religion n,NICU Admission Careform,Mothers religion n,Catholic,Catholic,,,,Mother's Religion,b9d7f281-7d38-48a2-a042-3ed9985a1c98
Neonatal Care Form/QYJKpoUeg9F,NICU Admission Careform :: Mothers religion n,NICU Admission Careform,Mothers religion n,Muslim,Muslim,,,,Mother's Religion,b9d7f281-7d38-48a2-a042-3ed9985a1c98
Neonatal Care Form/QYJKpoUeg9F,NICU Admission Careform :: Mothers religion n,NICU Admission Careform,Mothers religion n,Orthodox,Orthodox,,,,Mother's Religion,b9d7f281-7d38-48a2-a042-3ed9985a1c98
Neonatal Care Form/QYJKpoUeg9F,NICU Admission Careform :: Mothers religion n,NICU Admission Careform,Mothers religion n,Other,Other,,,,Mother's Religion,b9d7f281-7d38-48a2-a042-3ed9985a1c98
Neonatal Care Form/QYJKpoUeg9F,NICU Admission Careform :: Mothers religion n,NICU Admission Careform,Mothers religion n,Protestant,Protestant,,,,Mother's Religion,b9d7f281-7d38-48a2-a042-3ed9985a1c98
Neonatal Care Form/QYJKpoUeg9F,NICU Admission Careform :: on HAART,NICU Admission Careform,on HAART,No,No,,,,on HAART,68e5b3da-bca5-4d09-8a18-1a80b13c0022
Neonatal Care Form/QYJKpoUeg9F,NICU Admission Careform :: on HAART,NICU Admission Careform,on HAART,Yes,Yes,,,,on HAART,68e5b3da-bca5-4d09-8a18-1a80b13c0022
Neonatal Care Form/QYJKpoUeg9F,NICU Admission Careform :: Place of ANC follow up,NICU Admission Careform,Place of ANC follow up,General hospital,General hospital,,,,Place of ANC follow up,6d7ebfa3-b659-43d9-b4c4-80e827c710b0
Neonatal Care Form/QYJKpoUeg9F,NICU Admission Careform :: Place of ANC follow up,NICU Admission Careform,Place of ANC follow up,Health Center,Health Center,,,,Place of ANC follow up,6d7ebfa3-b659-43d9-b4c4-80e827c710b0
Neonatal Care Form/QYJKpoUeg9F,NICU Admission Careform :: Place of ANC follow up,NICU Admission Careform,Place of ANC follow up,Health Post,Health Post,,,,Place of ANC follow up,6d7ebfa3-b659-43d9-b4c4-80e827c710b0
Neonatal Care Form/QYJKpoUeg9F,NICU Admission Careform :: Place of ANC follow up,NICU Admission Careform,Place of ANC follow up,Primary Hospital,Primary Hospital,,,,Place of ANC follow up,6d7ebfa3-b659-43d9-b4c4-80e827c710b0
Neonatal Care Form/QYJKpoUeg9F,NICU Admission Careform :: Place of ANC follow up,NICU Admission Careform,Place of ANC follow up,Private hospital,Private hospital,,,,Place of ANC follow up,6d7ebfa3-b659-43d9-b4c4-80e827c710b0
Neonatal Care Form/QYJKpoUeg9F,NICU Admission Careform :: Place of ANC follow up,NICU Admission Careform,Place of ANC follow up,Referral Hospital,Referral Hospital,,,,Place of ANC follow up,6d7ebfa3-b659-43d9-b4c4-80e827c710b0
Neonatal Care Form/QYJKpoUeg9F,NICU Admission Careform :: Place of delivery,NICU Admission Careform,Place of delivery,Inborn,Inborn,,,,Place of delivery,47ed39f1-43ef-4f03-a8a7-77fb3ed21794
Neonatal Care Form/QYJKpoUeg9F,NICU Admission Careform :: Place of delivery,NICU Admission Careform,Place of delivery,Outborn,Outborn,,,,Place of delivery,47ed39f1-43ef-4f03-a8a7-77fb3ed21794
Neonatal Care Form/QYJKpoUeg9F,NICU Admission Careform :: Placed skin to skin at birth,NICU Admission Careform,Placed skin to skin at birth,No,No,,,,Placed skin-to-skin at birth,c6686ef2-21d7-4a92-bca1-960099f4c286
Neonatal Care Form/QYJKpoUeg9F,NICU Admission Careform :: Placed skin to skin at birth,NICU Admission Careform,Placed skin to skin at birth,Unknown,Unknown,,,,Placed skin-to-skin at birth,c6686ef2-21d7-4a92-bca1-960099f4c286
Neonatal Care Form/QYJKpoUeg9F,NICU Admission Careform :: Placed skin to skin at birth,NICU Admission Careform,Placed skin to skin at birth,Yes,Yes,,,,Placed skin-to-skin at birth,c6686ef2-21d7-4a92-bca1-960099f4c286
Neonatal Care Form/QYJKpoUeg9F,NICU Admission Careform :: Received delayed cord clamping,NICU Admission Careform,Received delayed cord clamping,No,No,,,,Received delayed cord clamping,2bd57853-669e-4746-88fa-c59f360fbc3c
Neonatal Care Form/QYJKpoUeg9F,NICU Admission Careform :: Received delayed cord clamping,NICU Admission Careform,Received delayed cord clamping,Unknown,Unknown,,,,Received delayed cord clamping,2bd57853-669e-4746-88fa-c59f360fbc3c
Neonatal Care Form/QYJKpoUeg9F,NICU Admission Careform :: Received delayed cord clamping,NICU Admission Careform,Received delayed cord clamping,Yes,Yes,,,,Received delayed cord clamping,2bd57853-669e-4746-88fa-c59f360fbc3c
Neonatal Care Form/QYJKpoUeg9F,NICU Admission Careform :: Resuscitation  in delivery room,NICU Admission Careform,Resuscitation  in delivery room,No,No,,,,Resuscitation in delivery room,1dd60690-98b0-4721-a2e3-1e757f247e79
Neonatal Care Form/QYJKpoUeg9F,NICU Admission Careform :: Resuscitation  in delivery room,NICU Admission Careform,Resuscitation  in delivery room,Unknown,Unknown,,,,Resuscitation in delivery room,1dd60690-98b0-4721-a2e3-1e757f247e79
Neonatal Care Form/QYJKpoUeg9F,NICU Admission Careform :: Resuscitation  in delivery room,NICU Admission Careform,Resuscitation  in delivery room,Yes,Yes,,,,Resuscitation in delivery room,1dd60690-98b0-4721-a2e3-1e757f247e79
Neonatal Care Form/QYJKpoUeg9F,NICU Admission Careform :: Significant events during current or previous pregnancy,NICU Admission Careform,Significant events during current or previous pregnancy,Amniotic fluid abnormalities,Amniotic fluid abnormalities,,,,Significant events during current or previous pregnancy:,5c05edf9-7fab-4bb2-95d0-71d04569e7fa
Neonatal Care Form/QYJKpoUeg9F,NICU Admission Careform :: Significant events during current or previous pregnancy,NICU Admission Careform,Significant events during current or previous pregnancy,APH,APH,,,,Significant events during current or previous pregnancy:,5c05edf9-7fab-4bb2-95d0-71d04569e7fa
Neonatal Care Form/QYJKpoUeg9F,NICU Admission Careform :: Significant events during current or previous pregnancy,NICU Admission Careform,Significant events during current or previous pregnancy,GDM,GDM,,,,Significant events during current or previous pregnancy:,5c05edf9-7fab-4bb2-95d0-71d04569e7fa
Neonatal Care Form/QYJKpoUeg9F,NICU Admission Careform :: Significant events during current or previous pregnancy,NICU Admission Careform,Significant events during current or previous pregnancy,HDP,HDP,,,,Significant events during current or previous pregnancy:,5c05edf9-7fab-4bb2-95d0-71d04569e7fa
Neonatal Care Form/QYJKpoUeg9F,NICU Admission Careform :: Significant events during current or previous pregnancy,NICU Admission Careform,Significant events during current or previous pregnancy,None,None,,,,Significant events during current or previous pregnancy:,5c05edf9-7fab-4bb2-95d0-71d04569e7fa
Neonatal Care Form/QYJKpoUeg9F,NICU Admission Careform :: Significant events during current or previous pregnancy,NICU Admission Careform,Significant events during current or previous pregnancy,Others (specify),Others (specify),,,,Significant events during current or previous pregnancy:,5c05edf9-7fab-4bb2-95d0-71d04569e7fa
Neonatal Care Form/QYJKpoUeg9F,NICU Admission Careform :: Significant events during current or previous pregnancy,NICU Admission Careform,Significant events during current or previous pregnancy,PROM,PROM,,,,Significant events during current or previous pregnancy:,5c05edf9-7fab-4bb2-95d0-71d04569e7fa
Neonatal Care Form/QYJKpoUeg9F,NICU Admission Careform :: Time of birth NLT or DLT n,NICU Admission Careform,Time of birth NLT or DLT n,DLT,DLT,,,,NLT or DLT,38799125-f3f9-4243-9524-09a38dbce613
Neonatal Care Form/QYJKpoUeg9F,NICU Admission Careform :: Time of birth NLT or DLT n,NICU Admission Careform,Time of birth NLT or DLT n,NLT,NLT,,,,NLT or DLT,38799125-f3f9-4243-9524-09a38dbce613
Neonatal Care Form/QYJKpoUeg9F,NICU Admission Careform :: Transferred to NICU with,NICU Admission Careform,Transferred to NICU with,Atmospheric air,Atmospheric air,,,,Transferred to NICU with,84fb5426-f123-4e32-99f9-9013ac864f82
Neonatal Care Form/QYJKpoUeg9F,NICU Admission Careform :: Transferred to NICU with,NICU Admission Careform,Transferred to NICU with,CPAP,CPAP,,,,Transferred to NICU with,84fb5426-f123-4e32-99f9-9013ac864f82
Neonatal Care Form/QYJKpoUeg9F,NICU Admission Careform :: Transferred to NICU with,NICU Admission Careform,Transferred to NICU with,Intranasal low flow O2,Intranasal low flow O2,,,,Transferred to NICU with,84fb5426-f123-4e32-99f9-9013ac864f82
Neonatal Care Form/QYJKpoUeg9F,NICU Admission Careform :: Transferred to NICU with,NICU Admission Careform,Transferred to NICU with,Plastic wrap,Plastic wrap,,,,Transferred to NICU with,84fb5426-f123-4e32-99f9-9013ac864f82
Neonatal Care Form/QYJKpoUeg9F,NICU Admission Careform :: Transferred to NICU with,NICU Admission Careform,Transferred to NICU with,STS care,STS care,,,,Transferred to NICU with,84fb5426-f123-4e32-99f9-9013ac864f82
Neonatal Care Form/QYJKpoUeg9F,NICU Admission Careform :: TT Vaccine n,NICU Admission Careform,TT Vaccine n,No,No,,,,TT Vaccine,0b17ce1c-763f-47a2-9f20-b1c59023f6d7
Neonatal Care Form/QYJKpoUeg9F,NICU Admission Careform :: TT Vaccine n,NICU Admission Careform,TT Vaccine n,Yes,Yes,,,,TT Vaccine,0b17ce1c-763f-47a2-9f20-b1c59023f6d7
Neonatal Care Form/QYJKpoUeg9F,NICU Admission Careform :: TTC eye ointment,NICU Admission Careform,TTC eye ointment,No,No,,,,TTC eye ointment,ff17529c-fbd7-4533-a7f8-ae993b3328bf
Neonatal Care Form/QYJKpoUeg9F,NICU Admission Careform :: TTC eye ointment,NICU Admission Careform,TTC eye ointment,Unknown,Unknown,,,,TTC eye ointment,ff17529c-fbd7-4533-a7f8-ae993b3328bf
Neonatal Care Form/QYJKpoUeg9F,NICU Admission Careform :: TTC eye ointment,NICU Admission Careform,TTC eye ointment,Yes,Yes,,,,TTC eye ointment,ff17529c-fbd7-4533-a7f8-ae993b3328bf
Neonatal Care Form/QYJKpoUeg9F,NICU Admission Careform :: VDRL n,NICU Admission Careform,VDRL n,Negative,Negative,,,,VDRL,90ace4c4-0a52-40d5-a729-278a65fc9044
Neonatal Care Form/QYJKpoUeg9F,NICU Admission Careform :: VDRL n,NICU Admission Careform,VDRL n,Not done,Not Done,,,,VDRL,90ace4c4-0a52-40d5-a729-278a65fc9044
Neonatal Care Form/QYJKpoUeg9F,NICU Admission Careform :: VDRL n,NICU Admission Careform,VDRL n,Positive,Positive,,,,VDRL,90ace4c4-0a52-40d5-a729-278a65fc9044
Neonatal Care Form/QYJKpoUeg9F,NICU Admission Careform :: VDRL n,NICU Admission Careform,VDRL n,Unknown,Unknown,,,,VDRL,90ace4c4-0a52-40d5-a729-278a65fc9044
Neonatal Care Form/QYJKpoUeg9F,NICU Admission Careform :: Vitamin K given birth,NICU Admission Careform,Vitamin K given birth,No,No,,,,Vitamin K given,55f3174c-0c38-4a7a-9c07-1c1c730ba9bf
Neonatal Care Form/QYJKpoUeg9F,NICU Admission Careform :: Vitamin K given birth,NICU Admission Careform,Vitamin K given birth,Unknown,Unknown,,,,Vitamin K given,55f3174c-0c38-4a7a-9c07-1c1c730ba9bf
Neonatal Care Form/QYJKpoUeg9F,NICU Admission Careform :: Vitamin K given birth,NICU Admission Careform,Vitamin K given birth,Yes,Yes,,,,Vitamin K given,55f3174c-0c38-4a7a-9c07-1c1c730ba9bf
Neonatal Care Form/QYJKpoUeg9F,NICU Progress Care Form :: Air entry,NICU Progress Care Form,Air entry,Absent,Absent,,,,Air entry,0c9c4065-9831-4fd0-a909-0af76056dba2
Neonatal Care Form/QYJKpoUeg9F,NICU Progress Care Form :: Air entry,NICU Progress Care Form,Air entry,Decreased,Decreased,,,,Air entry,0c9c4065-9831-4fd0-a909-0af76056dba2
Neonatal Care Form/QYJKpoUeg9F,NICU Progress Care Form :: Air entry,NICU Progress Care Form,Air entry,Good,Good,,,,Air entry,0c9c4065-9831-4fd0-a909-0af76056dba2
Neonatal Care Form/QYJKpoUeg9F,NICU Progress Care Form :: Assessment,NICU Progress Care Form,Assessment,Deteriorating,Deteriorating,,,,Assessment,13f82aece2cd4e3bbb950140e6cbffce
Neonatal Care Form/QYJKpoUeg9F,NICU Progress Care Form :: Assessment,NICU Progress Care Form,Assessment,Improving,Improving,,,,Assessment,13f82aece2cd4e3bbb950140e6cbffce
Neonatal Care Form/QYJKpoUeg9F,NICU Progress Care Form :: Assessment,NICU Progress Care Form,Assessment,The same,The same,,,,Assessment,13f82aece2cd4e3bbb950140e6cbffce
Neonatal Care Form/QYJKpoUeg9F,NICU Progress Care Form :: bowl sound,NICU Progress Care Form,bowl sound,Absent,Absent,,,,bowl sound,7c350dd7-4d1c-4082-a23b-343999e723cb
Neonatal Care Form/QYJKpoUeg9F,NICU Progress Care Form :: bowl sound,NICU Progress Care Form,bowl sound,Active,Active,,,,bowl sound,7c350dd7-4d1c-4082-a23b-343999e723cb
Neonatal Care Form/QYJKpoUeg9F,NICU Progress Care Form :: bowl sound,NICU Progress Care Form,bowl sound,Decreased,Decreased,,,,bowl sound,7c350dd7-4d1c-4082-a23b-343999e723cb
Neonatal Care Form/QYJKpoUeg9F,NICU Progress Care Form :: capillary refill,NICU Progress Care Form,capillary refill,delayed,delayed,,,,capillary refill,15b3fdc0-b096-46a1-bc70-fbcc1f497e31
Neonatal Care Form/QYJKpoUeg9F,NICU Progress Care Form :: capillary refill,NICU Progress Care Form,capillary refill,fast,fast,,,,capillary refill,15b3fdc0-b096-46a1-bc70-fbcc1f497e31
Neonatal Care Form/QYJKpoUeg9F,NICU Progress Care Form :: Color of Vomiting,NICU Progress Care Form,Color of Vomiting,billous,billous,,,,Color of Vomiting,a6ba558d-a822-40e5-aaab-0793ca220561
Neonatal Care Form/QYJKpoUeg9F,NICU Progress Care Form :: Color of Vomiting,NICU Progress Care Form,Color of Vomiting,Bloody,bloody,,,,Color of Vomiting,a6ba558d-a822-40e5-aaab-0793ca220561
Neonatal Care Form/QYJKpoUeg9F,NICU Progress Care Form :: Color of Vomiting,NICU Progress Care Form,Color of Vomiting,Ingested matter,Ingested matter,,,,Color of Vomiting,a6ba558d-a822-40e5-aaab-0793ca220561
Neonatal Care Form/QYJKpoUeg9F,NICU Progress Care Form :: Culture done,NICU Progress Care Form,Culture done,No,No,,,,Culture done?,5031122a-5b55-4ae2-9a2a-b3aa1d553c99
Neonatal Care Form/QYJKpoUeg9F,NICU Progress Care Form :: Culture done,NICU Progress Care Form,Culture done,Yes,Yes,,,,Culture done?,5031122a-5b55-4ae2-9a2a-b3aa1d553c99
Neonatal Care Form/QYJKpoUeg9F,NICU Progress Care Form :: distention,NICU Progress Care Form,distention,No,No,,,,distention,45c2a843-6b06-4a30-b3bb-16d66f8e3da8
Neonatal Care Form/QYJKpoUeg9F,NICU Progress Care Form :: distention,NICU Progress Care Form,distention,Yes,Yes,,,,distention,45c2a843-6b06-4a30-b3bb-16d66f8e3da8
Neonatal Care Form/QYJKpoUeg9F,NICU Progress Care Form :: Echo,NICU Progress Care Form,Echo,No,No,,,,Echo,7c088a54-2da3-464e-9982-a1d8dd6f886c
Neonatal Care Form/QYJKpoUeg9F,NICU Progress Care Form :: Echo,NICU Progress Care Form,Echo,Yes,Yes,,,,Echo,7c088a54-2da3-464e-9982-a1d8dd6f886c
Neonatal Care Form/QYJKpoUeg9F,NICU Progress Care Form :: General appearance,NICU Progress Care Form,General appearance,ASL,ASL,,,,General appearance,0ff9ec67-371f-4866-ba3c-2a0884266a72
Neonatal Care Form/QYJKpoUeg9F,NICU Progress Care Form :: General appearance,NICU Progress Care Form,General appearance,CSL,CSL,,,,General appearance,0ff9ec67-371f-4866-ba3c-2a0884266a72
Neonatal Care Form/QYJKpoUeg9F,NICU Progress Care Form :: General appearance,NICU Progress Care Form,General appearance,Well looking,Well looking,,,,General appearance,0ff9ec67-371f-4866-ba3c-2a0884266a72
Neonatal Care Form/QYJKpoUeg9F,NICU Progress Care Form :: Heart sound,NICU Progress Care Form,Heart sound,Gallop,Gallop,,,,Heart sound,63996977-1f71-4451-9ecc-da50c7da902f
Neonatal Care Form/QYJKpoUeg9F,NICU Progress Care Form :: Heart sound,NICU Progress Care Form,Heart sound,MurMur,MurMur,,,,Heart sound,63996977-1f71-4451-9ecc-da50c7da902f
Neonatal Care Form/QYJKpoUeg9F,NICU Progress Care Form :: Heart sound,NICU Progress Care Form,Heart sound,"S1,S2 well heard","S1,S2 well heard",,,,Heart sound,63996977-1f71-4451-9ecc-da50c7da902f
Neonatal Care Form/QYJKpoUeg9F,NICU Progress Care Form :: IVF received,NICU Progress Care Form,IVF received,No,No,,,,IVF received?,5489eaa6-dde4-4551-a5fc-4041cc868160
Neonatal Care Form/QYJKpoUeg9F,NICU Progress Care Form :: IVF received,NICU Progress Care Form,IVF received,Yes,Yes,,,,IVF received?,5489eaa6-dde4-4551-a5fc-4041cc868160
Neonatal Care Form/QYJKpoUeg9F,NICU Progress Care Form :: Jaundice,NICU Progress Care Form,Jaundice,No,No,,,,Jaundice,00296085-fb34-4def-a73e-b71ec1023c3a
Neonatal Care Form/QYJKpoUeg9F,NICU Progress Care Form :: Jaundice,NICU Progress Care Form,Jaundice,Yes,Yes,,,,Jaundice,00296085-fb34-4def-a73e-b71ec1023c3a
Neonatal Care Form/QYJKpoUeg9F,NICU Progress Care Form :: Level of jaundice,NICU Progress Care Form,Level of jaundice,Amblicus,Amblicus,,,,Level of jaundice,685d8661-a3ad-423b-a908-5e7a0e725113
Neonatal Care Form/QYJKpoUeg9F,NICU Progress Care Form :: Level of jaundice,NICU Progress Care Form,Level of jaundice,Chest,Chest,,,,Level of jaundice,685d8661-a3ad-423b-a908-5e7a0e725113
Neonatal Care Form/QYJKpoUeg9F,NICU Progress Care Form :: Level of jaundice,NICU Progress Care Form,Level of jaundice,Face only,Face only,,,,Level of jaundice,685d8661-a3ad-423b-a908-5e7a0e725113
Neonatal Care Form/QYJKpoUeg9F,NICU Progress Care Form :: Level of jaundice,NICU Progress Care Form,Level of jaundice,Foot,Foot,,,,Level of jaundice,685d8661-a3ad-423b-a908-5e7a0e725113
Neonatal Care Form/QYJKpoUeg9F,NICU Progress Care Form :: Level of jaundice,NICU Progress Care Form,Level of jaundice,Tigh,Tigh,,,,Level of jaundice,685d8661-a3ad-423b-a908-5e7a0e725113
Neonatal Care Form/QYJKpoUeg9F,NICU Progress Care Form :: Mental status,NICU Progress Care Form,Mental status,alert,alert,,,,Mental status,8b7ac352-9425-4f6b-80f4-84700e547c09
Neonatal Care Form/QYJKpoUeg9F,NICU Progress Care Form :: Mental status,NICU Progress Care Form,Mental status,Coma,coma,,,,Mental status,8b7ac352-9425-4f6b-80f4-84700e547c09
Neonatal Care Form/QYJKpoUeg9F,NICU Progress Care Form :: Mental status,NICU Progress Care Form,Mental status,sleepy,sleepy,,,,Mental status,8b7ac352-9425-4f6b-80f4-84700e547c09
Neonatal Care Form/QYJKpoUeg9F,NICU Progress Care Form :: Mental status,NICU Progress Care Form,Mental status,stupor,stupor,,,,Mental status,8b7ac352-9425-4f6b-80f4-84700e547c09
Neonatal Care Form/QYJKpoUeg9F,NICU Progress Care Form :: Organomegaly,NICU Progress Care Form,Organomegaly,No,No,,,,Organomegaly,c98ba785-6110-4e0c-9c64-81a65b6ecb19
Neonatal Care Form/QYJKpoUeg9F,NICU Progress Care Form :: Organomegaly,NICU Progress Care Form,Organomegaly,Yes,Yes,,,,Organomegaly,c98ba785-6110-4e0c-9c64-81a65b6ecb19
Neonatal Care Form/QYJKpoUeg9F,NICU Progress Care Form :: primitive reflex: Grasp,NICU Progress Care Form,primitive reflex: Grasp,Absent,Absent,,,,primitive reflex: Grasp,a60a5890-06d6-424f-9dd9-3c431e34a714
Neonatal Care Form/QYJKpoUeg9F,NICU Progress Care Form :: primitive reflex: Grasp,NICU Progress Care Form,primitive reflex: Grasp,Strong,Strong,,,,primitive reflex: Grasp,a60a5890-06d6-424f-9dd9-3c431e34a714
Neonatal Care Form/QYJKpoUeg9F,NICU Progress Care Form :: primitive reflex: Grasp,NICU Progress Care Form,primitive reflex: Grasp,Weak,Weak,,,,primitive reflex: Grasp,a60a5890-06d6-424f-9dd9-3c431e34a714
Neonatal Care Form/QYJKpoUeg9F,NICU Progress Care Form :: primitive reflex: Moro,NICU Progress Care Form,primitive reflex: Moro,Absent,Absent,,,,primitive reflex: Moro,9c4b704c-fd53-4eaf-8b11-bc8e06a4c5cb
Neonatal Care Form/QYJKpoUeg9F,NICU Progress Care Form :: primitive reflex: Moro,NICU Progress Care Form,primitive reflex: Moro,Complete,Complete,,,,primitive reflex: Moro,9c4b704c-fd53-4eaf-8b11-bc8e06a4c5cb
Neonatal Care Form/QYJKpoUeg9F,NICU Progress Care Form :: primitive reflex: Moro,NICU Progress Care Form,primitive reflex: Moro,Exaggerated,exaggerated,,,,primitive reflex: Moro,9c4b704c-fd53-4eaf-8b11-bc8e06a4c5cb
Neonatal Care Form/QYJKpoUeg9F,NICU Progress Care Form :: primitive reflex: Moro,NICU Progress Care Form,primitive reflex: Moro,Incomplete,Incomplete,,,,primitive reflex: Moro,9c4b704c-fd53-4eaf-8b11-bc8e06a4c5cb
Neonatal Care Form/QYJKpoUeg9F,NICU Progress Care Form :: primitive reflex: Suckling,NICU Progress Care Form,primitive reflex: Suckling,Absent,absent,,,,primitive reflex: Suckling,334551ab-9019-4456-9fd1-7c5e964e23bb
Neonatal Care Form/QYJKpoUeg9F,NICU Progress Care Form :: primitive reflex: Suckling,NICU Progress Care Form,primitive reflex: Suckling,Sustained,sustained,,,,primitive reflex: Suckling,334551ab-9019-4456-9fd1-7c5e964e23bb
Neonatal Care Form/QYJKpoUeg9F,NICU Progress Care Form :: primitive reflex: Suckling,NICU Progress Care Form,primitive reflex: Suckling,Unsustained,unsustained,,,,primitive reflex: Suckling,334551ab-9019-4456-9fd1-7c5e964e23bb
Neonatal Care Form/QYJKpoUeg9F,NICU Progress Care Form :: Sign of respiratory distress,NICU Progress Care Form,Sign of respiratory distress,Chest indrawing,Chest indrawing,,,,Sign of respiratory distress,03578473-4793-48b5-877a-0af59fdd9cf3
Neonatal Care Form/QYJKpoUeg9F,NICU Progress Care Form :: Sign of respiratory distress,NICU Progress Care Form,Sign of respiratory distress,IC/SC retraction,IC/SC retraction,,,,Sign of respiratory distress,03578473-4793-48b5-877a-0af59fdd9cf3
Neonatal Care Form/QYJKpoUeg9F,NICU Progress Care Form :: Sign of respiratory distress,NICU Progress Care Form,Sign of respiratory distress,Nasal flaring,Nasal flaring,,,,Sign of respiratory distress,03578473-4793-48b5-877a-0af59fdd9cf3
Neonatal Care Form/QYJKpoUeg9F,NICU Progress Care Form :: Stool,NICU Progress Care Form,Stool,Not pass,not pass,,,,Stool,c71364f5-e0a7-452b-b8d8-7242658e76ea
Neonatal Care Form/QYJKpoUeg9F,NICU Progress Care Form :: Stool,NICU Progress Care Form,Stool,Pass,pass,,,,Stool,c71364f5-e0a7-452b-b8d8-7242658e76ea
Neonatal Care Form/QYJKpoUeg9F,NICU Progress Care Form :: Type of feeding,NICU Progress Care Form,Type of feeding,Exclusive Breast milk,Exclusive Breast milk,,,,Type of feeding,5002efb7-3ee0-4587-954b-f51166e01fba
Neonatal Care Form/QYJKpoUeg9F,NICU Progress Care Form :: Type of feeding,NICU Progress Care Form,Type of feeding,Formula,Formula,,,,Type of feeding,5002efb7-3ee0-4587-954b-f51166e01fba
Neonatal Care Form/QYJKpoUeg9F,NICU Progress Care Form :: Type of feeding,NICU Progress Care Form,Type of feeding,Maintenance fluid,Maintenance fluid,,,,Type of feeding,5002efb7-3ee0-4587-954b-f51166e01fba
Neonatal Care Form/QYJKpoUeg9F,NICU Progress Care Form :: Type of feeding,NICU Progress Care Form,Type of feeding,NPO,NPO,,,,Type of feeding,5002efb7-3ee0-4587-954b-f51166e01fba
Neonatal Care Form/QYJKpoUeg9F,NICU Progress Care Form :: Type of feeding,NICU Progress Care Form,Type of feeding,Open drainage,Open drainage,,,,Type of feeding,5002efb7-3ee0-4587-954b-f51166e01fba
Neonatal Care Form/QYJKpoUeg9F,NICU Progress Care Form :: Type of feeding,NICU Progress Care Form,Type of feeding,Trophic,Trophic,,,,Type of feeding,5002efb7-3ee0-4587-954b-f51166e01fba
Neonatal Care Form/QYJKpoUeg9F,NICU Progress Care Form :: Type of respiratory support,NICU Progress Care Form,Type of respiratory support,CPAP,CPAP,,,,Type of respiratory support,20dc13d9-81d3-49ba-8326-f142faa59cb9
Neonatal Care Form/QYJKpoUeg9F,NICU Progress Care Form :: Type of respiratory support,NICU Progress Care Form,Type of respiratory support,Head Hood,Head Hood,,,,Type of respiratory support,20dc13d9-81d3-49ba-8326-f142faa59cb9
Neonatal Care Form/QYJKpoUeg9F,NICU Progress Care Form :: Type of respiratory support,NICU Progress Care Form,Type of respiratory support,INO2,INO2,,,,Type of respiratory support,20dc13d9-81d3-49ba-8326-f142faa59cb9
Neonatal Care Form/QYJKpoUeg9F,NICU Progress Care Form :: Type of respiratory support,NICU Progress Care Form,Type of respiratory support,MV,MV,,,,Type of respiratory support,20dc13d9-81d3-49ba-8326-f142faa59cb9
Neonatal Care Form/QYJKpoUeg9F,NICU Progress Care Form :: Type of respiratory support,NICU Progress Care Form,Type of respiratory support,None,None,,,,Type of respiratory support,20dc13d9-81d3-49ba-8326-f142faa59cb9
Neonatal Care Form/QYJKpoUeg9F,NICU Progress Care Form :: Vomiting,NICU Progress Care Form,Vomiting,No,No,,,,Vomiting,9043f105-b232-4bd8-9629-c69c34a7e6bc
Neonatal Care Form/QYJKpoUeg9F,NICU Progress Care Form :: Vomiting,NICU Progress Care Form,Vomiting,Yes,Yes,,,,Vomiting,9043f105-b232-4bd8-9629-c69c34a7e6bc
Neonatal Care Form/QYJKpoUeg9F,Nurse followup Sheet :: Blood culture,Nurse followup Sheet,Blood culture,No,No,,,,Blood culture,ea6c7f90-d63a-4a64-9774-f5270d5c0ec9
Neonatal Care Form/QYJKpoUeg9F,Nurse followup Sheet :: Blood culture,Nurse followup Sheet,Blood culture,Yes,Yes,,,,Blood culture,ea6c7f90-d63a-4a64-9774-f5270d5c0ec9
Neonatal Care Form/QYJKpoUeg9F,Nurse followup Sheet :: Family Involvement,Nurse followup Sheet,Family Involvement,No,No,,,,Family Involvement,b19380da-aca3-4eb8-9a0a-87c85b436bb6
Neonatal Care Form/QYJKpoUeg9F,Nurse followup Sheet :: Family Involvement,Nurse followup Sheet,Family Involvement,Yes,Yes,,,,Family Involvement,b19380da-aca3-4eb8-9a0a-87c85b436bb6
Neonatal Care Form/QYJKpoUeg9F,Nurse followup Sheet :: IV line check,Nurse followup Sheet,IV line check,No,No,,,,IV line check,c3cb931c-f596-4b4e-9266-e7bd76dbb86a
Neonatal Care Form/QYJKpoUeg9F,Nurse followup Sheet :: IV line check,Nurse followup Sheet,IV line check,Yes,Yes,,,,IV line check,c3cb931c-f596-4b4e-9266-e7bd76dbb86a
Neonatal Care Form/QYJKpoUeg9F,Nurse followup Sheet :: Kmc done,Nurse followup Sheet,Kmc done,No,No,,,,Kmc done?,af15fdcc-977a-4488-9993-51a607b4b49b
Neonatal Care Form/QYJKpoUeg9F,Nurse followup Sheet :: Kmc done,Nurse followup Sheet,Kmc done,Yes,Yes,,,,Kmc done?,af15fdcc-977a-4488-9993-51a607b4b49b
Neonatal Care Form/QYJKpoUeg9F,Nurse followup Sheet :: Lab blood draw,Nurse followup Sheet,Lab blood draw,No,No,,,,Lab blood draw,eccace9d-d31f-4518-b0c9-7c4948f98a94
Neonatal Care Form/QYJKpoUeg9F,Nurse followup Sheet :: Lab blood draw,Nurse followup Sheet,Lab blood draw,Yes,Yes,,,,Lab blood draw,eccace9d-d31f-4518-b0c9-7c4948f98a94
Neonatal Care Form/QYJKpoUeg9F,Nurse followup Sheet :: Medications Given,Nurse followup Sheet,Medications Given,No,No,,,,Medications Given,a91cc4bd-c39f-4932-b3ba-e7c8f10d5e7f
Neonatal Care Form/QYJKpoUeg9F,Nurse followup Sheet :: Medications Given,Nurse followup Sheet,Medications Given,Yes,Yes,,,,Medications Given,a91cc4bd-c39f-4932-b3ba-e7c8f10d5e7f
Neonatal Care Form/QYJKpoUeg9F,Nurse followup Sheet :: Mode of feeding,Nurse followup Sheet,Mode of feeding,Cup,cup,,,,Mode of feeding,beb1378f-da29-44d5-91d1-cd0fe8c57199
Neonatal Care Form/QYJKpoUeg9F,Nurse followup Sheet :: Mode of feeding,Nurse followup Sheet,Mode of feeding,direct,direct,,,,Mode of feeding,beb1378f-da29-44d5-91d1-cd0fe8c57199
Neonatal Care Form/QYJKpoUeg9F,Nurse followup Sheet :: Mode of feeding,Nurse followup Sheet,Mode of feeding,MF,MF,,,,Mode of feeding,beb1378f-da29-44d5-91d1-cd0fe8c57199
Neonatal Care Form/QYJKpoUeg9F,Nurse followup Sheet :: Mode of feeding,Nurse followup Sheet,Mode of feeding,NG tube,Ng tube,,,,Mode of feeding,beb1378f-da29-44d5-91d1-cd0fe8c57199
Neonatal Care Form/QYJKpoUeg9F,Nurse followup Sheet :: Mode of feeding,Nurse followup Sheet,Mode of feeding,orogastric,orogastric,,,,Mode of feeding,beb1378f-da29-44d5-91d1-cd0fe8c57199
Neonatal Care Form/QYJKpoUeg9F,Nurse followup Sheet :: Oxygen Source,Nurse followup Sheet,Oxygen Source,CPAP,CPAP,,,,Oxygen Source,28517d4c-6c8b-4981-a3ad-2fb27edf90f8
Neonatal Care Form/QYJKpoUeg9F,Nurse followup Sheet :: Oxygen Source,Nurse followup Sheet,Oxygen Source,Head Hood,Head Hood,,,,Oxygen Source,28517d4c-6c8b-4981-a3ad-2fb27edf90f8
Neonatal Care Form/QYJKpoUeg9F,Nurse followup Sheet :: Oxygen Source,Nurse followup Sheet,Oxygen Source,INO2,INO2,,,,Oxygen Source,28517d4c-6c8b-4981-a3ad-2fb27edf90f8
Neonatal Care Form/QYJKpoUeg9F,Nurse followup Sheet :: Oxygen Source,Nurse followup Sheet,Oxygen Source,MV,MV,,,,Oxygen Source,28517d4c-6c8b-4981-a3ad-2fb27edf90f8
Neonatal Care Form/QYJKpoUeg9F,Nurse followup Sheet :: Pain score,Nurse followup Sheet,Pain score,Mild to moderate pain,Mild to moderate pain,,,,Pain score,80275b15-6991-41f2-a1cc-1a386c0850da
Neonatal Care Form/QYJKpoUeg9F,Nurse followup Sheet :: Pain score,Nurse followup Sheet,Pain score,No pain or mild discomfort,No pain or mild discomfort,,,,Pain score,80275b15-6991-41f2-a1cc-1a386c0850da
Neonatal Care Form/QYJKpoUeg9F,Nurse followup Sheet :: Pain score,Nurse followup Sheet,Pain score,Severe pain,Severe pain,,,,Pain score,80275b15-6991-41f2-a1cc-1a386c0850da
Neonatal Care Form/QYJKpoUeg9F,Nurse followup Sheet :: Phototherapy n,Nurse followup Sheet,Phototherapy n,No,No,,,,Phototherapy,66114665-ab9d-461f-8275-fd46f0dff8d0
Neonatal Care Form/QYJKpoUeg9F,Nurse followup Sheet :: Phototherapy n,Nurse followup Sheet,Phototherapy n,Yes,Yes,,,,Phototherapy,66114665-ab9d-461f-8275-fd46f0dff8d0
Neonatal Care Form/QYJKpoUeg9F,Nurse followup Sheet :: Stool n,Nurse followup Sheet,Stool n,Not pass,not pass,,,,Stool,b7f7fb37-573e-412e-8a1c-3412c1b97215
Neonatal Care Form/QYJKpoUeg9F,Nurse followup Sheet :: Stool n,Nurse followup Sheet,Stool n,Pass,pass,,,,Stool,b7f7fb37-573e-412e-8a1c-3412c1b97215
Neonatal Care Form/QYJKpoUeg9F,Nurse followup Sheet :: UOP,Nurse followup Sheet,UOP,Not pass,Not pass,,,,UOP,ffd7c1b0-7d98-45e2-b71b-e6954941ded1
Neonatal Care Form/QYJKpoUeg9F,Nurse followup Sheet :: UOP,Nurse followup Sheet,UOP,Pass,Pass,,,,UOP,ffd7c1b0-7d98-45e2-b71b-e6954941ded1
Neonatal Care Form/QYJKpoUeg9F,Nurse followup Sheet :: Vomiting n,Nurse followup Sheet,Vomiting n,No,No,,,,Vomiting,5f9ec79e-7b2e-4ab0-b833-2960e6afcaf3
Neonatal Care Form/QYJKpoUeg9F,Nurse followup Sheet :: Vomiting n,Nurse followup Sheet,Vomiting n,Yes,Yes,,,,Vomiting,5f9ec79e-7b2e-4ab0-b833-2960e6afcaf3
Neonatal Care Form/QYJKpoUeg9F,Nurse followup Sheet :: weight (Change),Nurse followup Sheet,weight (Change),No,No,,,,weight (Change),90de7ce2-dded-4f03-b2e2-20a6a6b44aa8
Neonatal Care Form/QYJKpoUeg9F,Nurse followup Sheet :: weight (Change),Nurse followup Sheet,weight (Change),Yes,Yes,,,,weight (Change),90de7ce2-dded-4f03-b2e2-20a6a6b44aa8
Maternal Inpatient Data/aLoraiFNkng,Pain Management :: Breastfeeding PM,Pain Management,Breastfeeding PM,No,No,,,,Breastfeeding,159f3ee0-7201-4bd6-a54c-710554508b92
Maternal Inpatient Data/aLoraiFNkng,Pain Management :: Breastfeeding PM,Pain Management,Breastfeeding PM,Yes,Yes,,,,Breastfeeding,159f3ee0-7201-4bd6-a54c-710554508b92
Maternal Inpatient Data/aLoraiFNkng,Pain Management :: Catheterized PM,Pain Management,Catheterized PM,No,No,,,,Catheterized,220c387b-95fc-403c-8b19-655dc395340c
Maternal Inpatient Data/aLoraiFNkng,Pain Management :: Catheterized PM,Pain Management,Catheterized PM,Yes,Yes,,,,Catheterized,220c387b-95fc-403c-8b19-655dc395340c
Maternal Inpatient Data/aLoraiFNkng,Pain Management :: Cord tie PM,Pain Management,Cord tie PM,No,No,,,,Cord tie,56be53bd-d2f2-49d3-bc80-e5bab5df5999
Maternal Inpatient Data/aLoraiFNkng,Pain Management :: Cord tie PM,Pain Management,Cord tie PM,Yes,Yes,,,,Cord tie,56be53bd-d2f2-49d3-bc80-e5bab5df5999
Maternal Inpatient Data/aLoraiFNkng,Pain Management :: Foul smelling discharge PM,Pain Management,Foul smelling discharge PM,No,No,,,,Foul smelling discharge,672f01e4-7393-45dc-ad7b-a62fa0508774
Maternal Inpatient Data/aLoraiFNkng,Pain Management :: Foul smelling discharge PM,Pain Management,Foul smelling discharge PM,Yes,Yes,,,,Foul smelling discharge,672f01e4-7393-45dc-ad7b-a62fa0508774
Maternal Inpatient Data/aLoraiFNkng,Pain Management :: Modified pain score PM,Pain Management,Modified pain score PM,Mild: 1-3,Mild: 1-3,,,,Modified pain score,f3f73488-227c-4f81-960a-33a9903d2206
Maternal Inpatient Data/aLoraiFNkng,Pain Management :: Modified pain score PM,Pain Management,Modified pain score PM,Moderate: 4-6,Moderate: 4-6,,,,Modified pain score,f3f73488-227c-4f81-960a-33a9903d2206
Maternal Inpatient Data/aLoraiFNkng,Pain Management :: Modified pain score PM,Pain Management,Modified pain score PM,Severe: 7-10,Severe: 7-10,,,,Modified pain score,f3f73488-227c-4f81-960a-33a9903d2206
Maternal Inpatient Data/aLoraiFNkng,Pain Management :: Pain managed with PM,Pain Management,Pain managed with PM,Diclo Q 12 Hrs.,Diclo Q 12 Hrs.,,,,Pain managed with,17f708e6-ab97-4552-a336-1bb60d15e2fc
Maternal Inpatient Data/aLoraiFNkng,Pain Management :: Pain managed with PM,Pain Management,Pain managed with PM,Morphine Q Hrs.,Morphine Q Hrs.,,,,Pain managed with,17f708e6-ab97-4552-a336-1bb60d15e2fc
Maternal Inpatient Data/aLoraiFNkng,Pain Management :: Pain managed with PM,Pain Management,Pain managed with PM,Paracetamol,Paracetamol,,,,Pain managed with,17f708e6-ab97-4552-a336-1bb60d15e2fc
Maternal Inpatient Data/aLoraiFNkng,Pain Management :: Pain managed with PM,Pain Management,Pain managed with PM,Pethidine,Pethidine,,,,Pain managed with,17f708e6-ab97-4552-a336-1bb60d15e2fc
Maternal Inpatient Data/aLoraiFNkng,Pain Management :: Pain managed with PM,Pain Management,Pain managed with PM,Tramadol Q Hrs.,Tramadol Q Hrs.,,,,Pain managed with,17f708e6-ab97-4552-a336-1bb60d15e2fc
Maternal Inpatient Data/aLoraiFNkng,Pain Management :: Uterine conted PM,Pain Management,Uterine conted PM,No,No,,,,Uterine conted,75523825-aa91-4658-ae9d-effe97e95b5e
Maternal Inpatient Data/aLoraiFNkng,Pain Management :: Uterine conted PM,Pain Management,Uterine conted PM,Yes,Yes,,,,Uterine conted,75523825-aa91-4658-ae9d-effe97e95b5e
Maternal Inpatient Data/aLoraiFNkng,Pain Management :: Vaginal bleeding PM,Pain Management,Vaginal bleeding PM,No,No,,,,Vaginal bleeding,07ab2df6-e236-47eb-9029-2ff6f296d11a
Maternal Inpatient Data/aLoraiFNkng,Pain Management :: Vaginal bleeding PM,Pain Management,Vaginal bleeding PM,Yes,Yes,,,,Vaginal bleeding,07ab2df6-e236-47eb-9029-2ff6f296d11a
Maternal Inpatient Data/aLoraiFNkng,Physical Examination :: CVA tenderness,Physical Examination,CVA tenderness,No,No,,,,CVA tenderness,97070b11-2f27-4930-9b6d-9acef243631d
Maternal Inpatient Data/aLoraiFNkng,Physical Examination :: CVA tenderness,Physical Examination,CVA tenderness,Yes,Yes,,,,CVA tenderness,97070b11-2f27-4930-9b6d-9acef243631d
Maternal Inpatient Data/aLoraiFNkng,Physical Examination :: Lie,Physical Examination,Lie,Longitudinal,Longitudinal,,,,Lie,487465ca-c97f-4207-9f59-e8440719b57e
Maternal Inpatient Data/aLoraiFNkng,Physical Examination :: Lie,Physical Examination,Lie,Oblique,Oblique,,,,Lie,487465ca-c97f-4207-9f59-e8440719b57e
Maternal Inpatient Data/aLoraiFNkng,Physical Examination :: Lie,Physical Examination,Lie,Transverse,Transverse,,,,Lie,487465ca-c97f-4207-9f59-e8440719b57e
Maternal Inpatient Data/aLoraiFNkng,Physical Examination :: Meconium,Physical Examination,Meconium,Grade 1 MSAF,Grade 1 MSAF,,,,Meconium,5dd37401-1fd7-4ab4-a3b2-546dec5ec8a9
Maternal Inpatient Data/aLoraiFNkng,Physical Examination :: Meconium,Physical Examination,Meconium,Grade 2 MSAF,Grade 2 MSAF,,,,Meconium,5dd37401-1fd7-4ab4-a3b2-546dec5ec8a9
Maternal Inpatient Data/aLoraiFNkng,Physical Examination :: Meconium,Physical Examination,Meconium,Grade 3 MSAF,Grade 3 MSAF,,,,Meconium,5dd37401-1fd7-4ab4-a3b2-546dec5ec8a9
Maternal Inpatient Data/aLoraiFNkng,Physical Examination :: Membrane Status,Physical Examination,Membrane Status,I,I,,,,Membrane Status,50d3bc88-ec20-4b95-aacc-7ddc0b9e6a8c
Maternal Inpatient Data/aLoraiFNkng,Physical Examination :: Membrane Status,Physical Examination,Membrane Status,R,R,,,,Membrane Status,50d3bc88-ec20-4b95-aacc-7ddc0b9e6a8c
Maternal Inpatient Data/aLoraiFNkng,Physical Examination :: Presentation,Physical Examination,Presentation,Brow,Brow,,,,Presentation,904225eb-43d9-4c60-9d86-61fab2d79ef7
Maternal Inpatient Data/aLoraiFNkng,Physical Examination :: Presentation,Physical Examination,Presentation,Cephalic,Cephalic,,,,Presentation,904225eb-43d9-4c60-9d86-61fab2d79ef7
Maternal Inpatient Data/aLoraiFNkng,Physical Examination :: Presentation,Physical Examination,Presentation,Complete breech,Complete breech,,,,Presentation,904225eb-43d9-4c60-9d86-61fab2d79ef7
Maternal Inpatient Data/aLoraiFNkng,Physical Examination :: Presentation,Physical Examination,Presentation,Compound,Compound,,,,Presentation,904225eb-43d9-4c60-9d86-61fab2d79ef7
Maternal Inpatient Data/aLoraiFNkng,Physical Examination :: Presentation,Physical Examination,Presentation,Cord,Cord,,,,Presentation,904225eb-43d9-4c60-9d86-61fab2d79ef7
Maternal Inpatient Data/aLoraiFNkng,Physical Examination :: Presentation,Physical Examination,Presentation,Face,Face,,,,Presentation,904225eb-43d9-4c60-9d86-61fab2d79ef7
Maternal Inpatient Data/aLoraiFNkng,Physical Examination :: Presentation,Physical Examination,Presentation,Footling breech,Footling breech,,,,Presentation,904225eb-43d9-4c60-9d86-61fab2d79ef7
Maternal Inpatient Data/aLoraiFNkng,Physical Examination :: Presentation,Physical Examination,Presentation,Frank breech,Frank breech,,,,Presentation,904225eb-43d9-4c60-9d86-61fab2d79ef7
Maternal Inpatient Data/aLoraiFNkng,Physical Examination :: Presentation,Physical Examination,Presentation,Shoulder,Shoulder,,,,Presentation,904225eb-43d9-4c60-9d86-61fab2d79ef7
Maternal Inpatient Data/aLoraiFNkng,Physical Examination :: Presentation,Physical Examination,Presentation,Transverse lie,Transverse lie,,,,Presentation,904225eb-43d9-4c60-9d86-61fab2d79ef7
Maternal Inpatient Data/aLoraiFNkng,Physical Examination :: Raptured,Physical Examination,Raptured,Bloody,Bloody,,,,Raptured,aacd5ee3-2d54-4b85-b97e-416a1f92aea4
Maternal Inpatient Data/aLoraiFNkng,Physical Examination :: Raptured,Physical Examination,Raptured,Clear amniotic fluid,Clear amniotic fluid,,,,Raptured,aacd5ee3-2d54-4b85-b97e-416a1f92aea4
Maternal Inpatient Data/aLoraiFNkng,Physical Examination :: Raptured,Physical Examination,Raptured,Dry,Dry,,,,Raptured,aacd5ee3-2d54-4b85-b97e-416a1f92aea4
Maternal Inpatient Data/aLoraiFNkng,Physical Examination :: Raptured,Physical Examination,Raptured,Meconium,Meconium,,,,Raptured,aacd5ee3-2d54-4b85-b97e-416a1f92aea4
Maternal Inpatient Data/aLoraiFNkng,Physical Examination :: Twin,Physical Examination,Twin,No,No,,,,Twin?,ecdce746-1680-42ec-9c08-8806420530ca
Maternal Inpatient Data/aLoraiFNkng,Physical Examination :: Twin,Physical Examination,Twin,Yes,Yes,,,,Twin?,ecdce746-1680-42ec-9c08-8806420530ca
Maternal Inpatient Data/aLoraiFNkng,Physical Examination :: Twin A Presentation,Physical Examination,Twin A Presentation,Brow,Brow,,,,Twin A Presentation,05d3d928-2a03-4cfa-9e45-9954ee60fe3a
Maternal Inpatient Data/aLoraiFNkng,Physical Examination :: Twin A Presentation,Physical Examination,Twin A Presentation,Cephalic,Cephalic,,,,Twin A Presentation,05d3d928-2a03-4cfa-9e45-9954ee60fe3a
Maternal Inpatient Data/aLoraiFNkng,Physical Examination :: Twin A Presentation,Physical Examination,Twin A Presentation,Complete breech,Complete breech,,,,Twin A Presentation,05d3d928-2a03-4cfa-9e45-9954ee60fe3a
Maternal Inpatient Data/aLoraiFNkng,Physical Examination :: Twin A Presentation,Physical Examination,Twin A Presentation,Compound,Compound,,,,Twin A Presentation,05d3d928-2a03-4cfa-9e45-9954ee60fe3a
Maternal Inpatient Data/aLoraiFNkng,Physical Examination :: Twin A Presentation,Physical Examination,Twin A Presentation,Cord,Cord,,,,Twin A Presentation,05d3d928-2a03-4cfa-9e45-9954ee60fe3a
Maternal Inpatient Data/aLoraiFNkng,Physical Examination :: Twin A Presentation,Physical Examination,Twin A Presentation,Face,Face,,,,Twin A Presentation,05d3d928-2a03-4cfa-9e45-9954ee60fe3a
Maternal Inpatient Data/aLoraiFNkng,Physical Examination :: Twin A Presentation,Physical Examination,Twin A Presentation,Footling breech,Footling breech,,,,Twin A Presentation,05d3d928-2a03-4cfa-9e45-9954ee60fe3a
Maternal Inpatient Data/aLoraiFNkng,Physical Examination :: Twin A Presentation,Physical Examination,Twin A Presentation,Frank breech,Frank breech,,,,Twin A Presentation,05d3d928-2a03-4cfa-9e45-9954ee60fe3a
Maternal Inpatient Data/aLoraiFNkng,Physical Examination :: Twin A Presentation,Physical Examination,Twin A Presentation,Shoulder,Shoulder,,,,Twin A Presentation,05d3d928-2a03-4cfa-9e45-9954ee60fe3a
Maternal Inpatient Data/aLoraiFNkng,Physical Examination :: Twin A Presentation,Physical Examination,Twin A Presentation,Transverse lie,Transverse lie,,,,Twin A Presentation,05d3d928-2a03-4cfa-9e45-9954ee60fe3a
Maternal Inpatient Data/aLoraiFNkng,Physical Examination :: Twin B Presentation,Physical Examination,Twin B Presentation,Brow,Brow,,,,Twin B Presentation,7af5134e-6f63-4684-9150-747d6f47311b
Maternal Inpatient Data/aLoraiFNkng,Physical Examination :: Twin B Presentation,Physical Examination,Twin B Presentation,Cephalic,Cephalic,,,,Twin B Presentation,7af5134e-6f63-4684-9150-747d6f47311b
Maternal Inpatient Data/aLoraiFNkng,Physical Examination :: Twin B Presentation,Physical Examination,Twin B Presentation,Complete breech,Complete breech,,,,Twin B Presentation,7af5134e-6f63-4684-9150-747d6f47311b
Maternal Inpatient Data/aLoraiFNkng,Physical Examination :: Twin B Presentation,Physical Examination,Twin B Presentation,Compound,Compound,,,,Twin B Presentation,7af5134e-6f63-4684-9150-747d6f47311b
Maternal Inpatient Data/aLoraiFNkng,Physical Examination :: Twin B Presentation,Physical Examination,Twin B Presentation,Cord,Cord,,,,Twin B Presentation,7af5134e-6f63-4684-9150-747d6f47311b
Maternal Inpatient Data/aLoraiFNkng,Physical Examination :: Twin B Presentation,Physical Examination,Twin B Presentation,Face,Face,,,,Twin B Presentation,7af5134e-6f63-4684-9150-747d6f47311b
Maternal Inpatient Data/aLoraiFNkng,Physical Examination :: Twin B Presentation,Physical Examination,Twin B Presentation,Footling breech,Footling breech,,,,Twin B Presentation,7af5134e-6f63-4684-9150-747d6f47311b
Maternal Inpatient Data/aLoraiFNkng,Physical Examination :: Twin B Presentation,Physical Examination,Twin B Presentation,Frank breech,Frank breech,,,,Twin B Presentation,7af5134e-6f63-4684-9150-747d6f47311b
Maternal Inpatient Data/aLoraiFNkng,Physical Examination :: Twin B Presentation,Physical Examination,Twin B Presentation,Shoulder,Shoulder,,,,Twin B Presentation,7af5134e-6f63-4684-9150-747d6f47311b
Maternal Inpatient Data/aLoraiFNkng,Physical Examination :: Twin B Presentation,Physical Examination,Twin B Presentation,Transverse lie,Transverse lie,,,,Twin B Presentation,7af5134e-6f63-4684-9150-747d6f47311b
Maternal Inpatient Data/aLoraiFNkng,Physical Examination :: Uterine Contractions in 10 min,Physical Examination,Uterine Contractions in 10 min,No,No,,,,Uterine Contractions in 10 min,e11587e8-8436-4e95-848f-8c3bd3f55c71
Maternal Inpatient Data/aLoraiFNkng,Physical Examination :: Uterine Contractions in 10 min,Physical Examination,Uterine Contractions in 10 min,Yes,Yes,,,,Uterine Contractions in 10 min,e11587e8-8436-4e95-848f-8c3bd3f55c71
Maternal Inpatient Data/aLoraiFNkng,Postpartum care :: Anemia pp,Postpartum care,Anemia pp,Mild,Mild,,,,Anemia,aff0af2d-0b34-4282-bbe7-215ba5fda859
Maternal Inpatient Data/aLoraiFNkng,Postpartum care :: Anemia pp,Postpartum care,Anemia pp,Moderate,Moderate,,,,Anemia,aff0af2d-0b34-4282-bbe7-215ba5fda859
Maternal Inpatient Data/aLoraiFNkng,Postpartum care :: Anemia pp,Postpartum care,Anemia pp,None,None,,,,Anemia,aff0af2d-0b34-4282-bbe7-215ba5fda859
Maternal Inpatient Data/aLoraiFNkng,Postpartum care :: Anemia pp,Postpartum care,Anemia pp,Severe,Severe,,,,Anemia,aff0af2d-0b34-4282-bbe7-215ba5fda859
Maternal Inpatient Data/aLoraiFNkng,Postpartum care :: Baby Breastfeeding pp,Postpartum care,Baby Breastfeeding pp,No,No,,,,Baby Breastfeeding,294d44c1-e511-4939-86d2-a942b29359ad
Maternal Inpatient Data/aLoraiFNkng,Postpartum care :: Baby Breastfeeding pp,Postpartum care,Baby Breastfeeding pp,Yes,Yes,,,,Baby Breastfeeding,294d44c1-e511-4939-86d2-a942b29359ad
Maternal Inpatient Data/aLoraiFNkng,Postpartum care :: Baby Breathing Well pp,Postpartum care,Baby Breathing Well pp,No,No,,,,Baby Breathing Well,7dcba60e-1115-43f1-b258-b759e0ae82fa
Maternal Inpatient Data/aLoraiFNkng,Postpartum care :: Baby Breathing Well pp,Postpartum care,Baby Breathing Well pp,Yes,Yes,,,,Baby Breathing Well,7dcba60e-1115-43f1-b258-b759e0ae82fa
Maternal Inpatient Data/aLoraiFNkng,Postpartum care :: Breast Exam pp,Postpartum care,Breast Exam pp,No,No,,,,Breast Exam,da4ff19a-b293-45d8-8e6e-e0067126edb4
Maternal Inpatient Data/aLoraiFNkng,Postpartum care :: Breast Exam pp,Postpartum care,Breast Exam pp,Yes,Yes,,,,Breast Exam,da4ff19a-b293-45d8-8e6e-e0067126edb4
Maternal Inpatient Data/aLoraiFNkng,Postpartum care :: Counseling Provided pp,Postpartum care,Counseling Provided pp,No,No,,,,"Counseling Danger sign, FP, Hygiene, Nutrition, EPI, use of ITN, BF, HTP, etc",96638ba3-c565-49cc-adba-37f10cbf5dc9
Maternal Inpatient Data/aLoraiFNkng,Postpartum care :: Counseling Provided pp,Postpartum care,Counseling Provided pp,Yes,Yes,,,,"Counseling Danger sign, FP, Hygiene, Nutrition, EPI, use of ITN, BF, HTP, etc",96638ba3-c565-49cc-adba-37f10cbf5dc9
Maternal Inpatient Data/aLoraiFNkng,Postpartum care :: Date/stay pp,Postpartum care,Date/stay pp,24 hrs stay,24 hrs stay,,,,Date/stay,a6b8cc7f-a49d-4c96-80ea-cd15110a8a34
Maternal Inpatient Data/aLoraiFNkng,Postpartum care :: Date/stay pp,Postpartum care,Date/stay pp,25- 48 Hrs,25- 48 Hrs,,,,Date/stay,a6b8cc7f-a49d-4c96-80ea-cd15110a8a34
Maternal Inpatient Data/aLoraiFNkng,Postpartum care :: Date/stay pp,Postpartum care,Date/stay pp,49-72 Hrs,49-72 Hrs,,,,Date/stay,a6b8cc7f-a49d-4c96-80ea-cd15110a8a34
Maternal Inpatient Data/aLoraiFNkng,Postpartum care :: Date/stay pp,Postpartum care,Date/stay pp,73Hrs-7 days,73Hrs-7 days,,,,Date/stay,a6b8cc7f-a49d-4c96-80ea-cd15110a8a34
Maternal Inpatient Data/aLoraiFNkng,Postpartum care :: Date/stay pp,Postpartum care,Date/stay pp,8- 42 days,8- 42 days,,,,Date/stay,a6b8cc7f-a49d-4c96-80ea-cd15110a8a34
Maternal Inpatient Data/aLoraiFNkng,Postpartum care :: Dribbling / Leaking Urine pp,Postpartum care,Dribbling / Leaking Urine pp,No,No,,,,Dribbling / Leaking Urine,d6cb534a-1ad4-4e28-83e0-e5ca2745f9bd
Maternal Inpatient Data/aLoraiFNkng,Postpartum care :: Dribbling / Leaking Urine pp,Postpartum care,Dribbling / Leaking Urine pp,Yes,Yes,,,,Dribbling / Leaking Urine,d6cb534a-1ad4-4e28-83e0-e5ca2745f9bd
Maternal Inpatient Data/aLoraiFNkng,Postpartum care :: Feeding Option pp,Postpartum care,Feeding Option pp,EBF – Exclusive Breastfeeding,EBF – Exclusive Breastfeeding,,,,Feeding Option,8da97853-ab10-4249-8aab-348951a116a6
Maternal Inpatient Data/aLoraiFNkng,Postpartum care :: Feeding Option pp,Postpartum care,Feeding Option pp,ERF - Exclusive Replacement Feeding,ERF - Exclusive Replacement Feeding,,,,Feeding Option,8da97853-ab10-4249-8aab-348951a116a6
Maternal Inpatient Data/aLoraiFNkng,Postpartum care :: Feeding Option pp,Postpartum care,Feeding Option pp,Mixed,Mixed,,,,Feeding Option,8da97853-ab10-4249-8aab-348951a116a6
Maternal Inpatient Data/aLoraiFNkng,Postpartum care :: FP Counseling and Method Provided pp,Postpartum care,FP Counseling and Method Provided pp,Condom,Condom,,,,FP Counseling and Method Provided,1d6cff0f-beb6-4d5e-bfbb-c0f9e27efd36
Maternal Inpatient Data/aLoraiFNkng,Postpartum care :: FP Counseling and Method Provided pp,Postpartum care,FP Counseling and Method Provided pp,Counseled only,Counseled only,,,,FP Counseling and Method Provided,1d6cff0f-beb6-4d5e-bfbb-c0f9e27efd36
Maternal Inpatient Data/aLoraiFNkng,Postpartum care :: FP Counseling and Method Provided pp,Postpartum care,FP Counseling and Method Provided pp,Implants,Implants,,,,FP Counseling and Method Provided,1d6cff0f-beb6-4d5e-bfbb-c0f9e27efd36
Maternal Inpatient Data/aLoraiFNkng,Postpartum care :: FP Counseling and Method Provided pp,Postpartum care,FP Counseling and Method Provided pp,Injectables,Injectables,,,,FP Counseling and Method Provided,1d6cff0f-beb6-4d5e-bfbb-c0f9e27efd36
Maternal Inpatient Data/aLoraiFNkng,Postpartum care :: FP Counseling and Method Provided pp,Postpartum care,FP Counseling and Method Provided pp,None,None,,,,FP Counseling and Method Provided,1d6cff0f-beb6-4d5e-bfbb-c0f9e27efd36
Maternal Inpatient Data/aLoraiFNkng,Postpartum care :: FP Counseling and Method Provided pp,Postpartum care,FP Counseling and Method Provided pp,Pills,Pills,,,,FP Counseling and Method Provided,1d6cff0f-beb6-4d5e-bfbb-c0f9e27efd36
Maternal Inpatient Data/aLoraiFNkng,Postpartum care :: HIV Test Result pp,Postpartum care,HIV Test Result pp,Negative,Negative,,,,HIV Test Result,4f05dff7-ae5b-4884-a999-694e7309e69b
Maternal Inpatient Data/aLoraiFNkng,Postpartum care :: HIV Test Result pp,Postpartum care,HIV Test Result pp,Positive,Positive,,,,HIV Test Result,4f05dff7-ae5b-4884-a999-694e7309e69b
Maternal Inpatient Data/aLoraiFNkng,Postpartum care :: HIV Test Result pp,Postpartum care,HIV Test Result pp,Unknown,Unknown,,,,HIV Test Result,4f05dff7-ae5b-4884-a999-694e7309e69b
Maternal Inpatient Data/aLoraiFNkng,Postpartum care :: HIV Tested pp,Postpartum care,HIV Tested pp,No,No,,,,HIV Tested,eda4a82e-8039-4640-88ef-875c287706d2
Maternal Inpatient Data/aLoraiFNkng,Postpartum care :: HIV Tested pp,Postpartum care,HIV Tested pp,Yes,Yes,,,,HIV Tested,eda4a82e-8039-4640-88ef-875c287706d2
Maternal Inpatient Data/aLoraiFNkng,Postpartum care :: IFA Supplement Given pp,Postpartum care,IFA Supplement Given pp,No,No,,,,IFA Supplement Given,1a2adb78-7d7f-48c7-9ad1-fc3cb504393e
Maternal Inpatient Data/aLoraiFNkng,Postpartum care :: IFA Supplement Given pp,Postpartum care,IFA Supplement Given pp,Yes,Yes,,,,IFA Supplement Given,1a2adb78-7d7f-48c7-9ad1-fc3cb504393e
Maternal Inpatient Data/aLoraiFNkng,Postpartum care :: Immunization (BCG) pp,Postpartum care,Immunization (BCG) pp,No,No,,,,Immunization (BCG),6ecaa665-7db7-4dc3-8a1c-22c868d14eb1
Maternal Inpatient Data/aLoraiFNkng,Postpartum care :: Immunization (BCG) pp,Postpartum care,Immunization (BCG) pp,Yes,Yes,,,,Immunization (BCG),6ecaa665-7db7-4dc3-8a1c-22c868d14eb1
Maternal Inpatient Data/aLoraiFNkng,Postpartum care :: Newborn Referred to Chronic HIV Infant Care pp,Postpartum care,Newborn Referred to Chronic HIV Infant Care pp,No,No,,,,Newborn Referred to Chronic HIV Infant Care,4f360be8-6ccf-4d1c-aa66-c7da5bb5d1d0
Maternal Inpatient Data/aLoraiFNkng,Postpartum care :: Newborn Referred to Chronic HIV Infant Care pp,Postpartum care,Newborn Referred to Chronic HIV Infant Care pp,Yes,Yes,,,,Newborn Referred to Chronic HIV Infant Care,4f360be8-6ccf-4d1c-aa66-c7da5bb5d1d0
Maternal Inpatient Data/aLoraiFNkng,Postpartum care :: Pelvic Exam pp,Postpartum care,Pelvic Exam pp,No,No,,,,Pelvic Exam (if vaginal discharge),676ffa18-1a4e-4cc9-b42a-7e6db21c38b4
Maternal Inpatient Data/aLoraiFNkng,Postpartum care :: Pelvic Exam pp,Postpartum care,Pelvic Exam pp,Yes,Yes,,,,Pelvic Exam (if vaginal discharge),676ffa18-1a4e-4cc9-b42a-7e6db21c38b4
Maternal Inpatient Data/aLoraiFNkng,Postpartum care :: Uterus Contracted / Look for PPH pp,Postpartum care,Uterus Contracted / Look for PPH pp,Contracted,Contracted,,,,Uterus Contracted / Look for PPH,afd9d0c8-5e05-4aff-8ee8-eff1261e7704
Maternal Inpatient Data/aLoraiFNkng,Postpartum care :: Uterus Contracted / Look for PPH pp,Postpartum care,Uterus Contracted / Look for PPH pp,Not Contracted,Not Contracted,,,,Uterus Contracted / Look for PPH,afd9d0c8-5e05-4aff-8ee8-eff1261e7704
Maternal Inpatient Data/aLoraiFNkng,Postpartum care :: Uterus Contracted / Look for PPH pp,Postpartum care,Uterus Contracted / Look for PPH pp,PPH Suspected,PPH Suspected,,,,Uterus Contracted / Look for PPH,afd9d0c8-5e05-4aff-8ee8-eff1261e7704
Maternal Inpatient Data/aLoraiFNkng,Postpartum care :: Vaginal Discharge (After 4 wks of delivery) pp,Postpartum care,Vaginal Discharge (After 4 wks of delivery) pp,No,No,,,,Vaginal Discharge (After 4 wks of delivery),fab7695c-c86d-4b53-a1ed-d4fcfce973fc
Maternal Inpatient Data/aLoraiFNkng,Postpartum care :: Vaginal Discharge (After 4 wks of delivery) pp,Postpartum care,Vaginal Discharge (After 4 wks of delivery) pp,Yes,Yes,,,,Vaginal Discharge (After 4 wks of delivery),fab7695c-c86d-4b53-a1ed-d4fcfce973fc
Maternal Inpatient Data/aLoraiFNkng,PREECLAMPSIA  CHART :: Bulerd vision PECL,PREECLAMPSIA  CHART,Bulerd vision PECL,Absent,Absent,,,,Bulerd vision,649ab486-9bc4-4585-b9e0-11bca987c76a
Maternal Inpatient Data/aLoraiFNkng,PREECLAMPSIA  CHART :: Bulerd vision PECL,PREECLAMPSIA  CHART,Bulerd vision PECL,Present,Present,,,,Bulerd vision,649ab486-9bc4-4585-b9e0-11bca987c76a
Maternal Inpatient Data/aLoraiFNkng,PREECLAMPSIA  CHART :: DTR PECL,PREECLAMPSIA  CHART,DTR PECL,Absent,Absent,,,,DTR,39538db9-b533-43a2-baed-bb4d48a952f3
Maternal Inpatient Data/aLoraiFNkng,PREECLAMPSIA  CHART :: DTR PECL,PREECLAMPSIA  CHART,DTR PECL,Brisk,Brisk,,,,DTR,39538db9-b533-43a2-baed-bb4d48a952f3
Maternal Inpatient Data/aLoraiFNkng,PREECLAMPSIA  CHART :: DTR PECL,PREECLAMPSIA  CHART,DTR PECL,Clonus,Clonus,,,,DTR,39538db9-b533-43a2-baed-bb4d48a952f3
Maternal Inpatient Data/aLoraiFNkng,PREECLAMPSIA  CHART :: DTR PECL,PREECLAMPSIA  CHART,DTR PECL,Normal,Normal,,,,DTR,39538db9-b533-43a2-baed-bb4d48a952f3
Maternal Inpatient Data/aLoraiFNkng,PREECLAMPSIA  CHART :: Epigastric pain PECL,PREECLAMPSIA  CHART,Epigastric pain PECL,Absent,Absent,,,,Epigastric pain,6d7941d9-1d41-4a76-a769-154f160e3cf0
Maternal Inpatient Data/aLoraiFNkng,PREECLAMPSIA  CHART :: Epigastric pain PECL,PREECLAMPSIA  CHART,Epigastric pain PECL,Present,Present,,,,Epigastric pain,6d7941d9-1d41-4a76-a769-154f160e3cf0
Maternal Inpatient Data/aLoraiFNkng,PREECLAMPSIA  CHART :: headache PECL,PREECLAMPSIA  CHART,headache PECL,Absent,Absent,,,,headache,66bed523-2685-4530-bd18-ed7d42129212
Maternal Inpatient Data/aLoraiFNkng,PREECLAMPSIA  CHART :: headache PECL,PREECLAMPSIA  CHART,headache PECL,Present,Present,,,,headache,66bed523-2685-4530-bd18-ed7d42129212
Neonatal Care Form/QYJKpoUeg9F,Progress care form for Referral Hospitals :: Convulsion Apnea,Progress care form for Referral Hospitals,Convulsion Apnea,No,No,,,,Convulsion Apnea,11ab0648-048e-49e3-a090-8742831306db
Neonatal Care Form/QYJKpoUeg9F,Progress care form for Referral Hospitals :: Convulsion Apnea,Progress care form for Referral Hospitals,Convulsion Apnea,Yes,Yes,,,,Convulsion Apnea,11ab0648-048e-49e3-a090-8742831306db
Neonatal Care Form/QYJKpoUeg9F,"Progress care form for Referral Hospitals :: CPAP, LFNC, IPPV, HFOV",Progress care form for Referral Hospitals,"CPAP, LFNC, IPPV, HFOV",No,No,,,,"CPAP, LFNC, IPPV, HFOV",43a9a4d9-7424-478d-aecc-97b5edb6b019
Neonatal Care Form/QYJKpoUeg9F,"Progress care form for Referral Hospitals :: CPAP, LFNC, IPPV, HFOV",Progress care form for Referral Hospitals,"CPAP, LFNC, IPPV, HFOV",Yes,Yes,,,,"CPAP, LFNC, IPPV, HFOV",43a9a4d9-7424-478d-aecc-97b5edb6b019
Neonatal Care Form/QYJKpoUeg9F,Progress care form for Referral Hospitals :: CRT,Progress care form for Referral Hospitals,CRT,No,No,,,,CRT,a22de28a-51ce-4c79-8fc7-453fbfb831bc
Neonatal Care Form/QYJKpoUeg9F,Progress care form for Referral Hospitals :: CRT,Progress care form for Referral Hospitals,CRT,Yes,Yes,,,,CRT,a22de28a-51ce-4c79-8fc7-453fbfb831bc
Neonatal Care Form/QYJKpoUeg9F,Progress care form for Referral Hospitals :: CUS(Cranial U/S),Progress care form for Referral Hospitals,CUS(Cranial U/S),No,No,,,,CUS(Cranial U/S),8944ccbf-a9ca-445b-a9bb-40c58e033336
Neonatal Care Form/QYJKpoUeg9F,Progress care form for Referral Hospitals :: CUS(Cranial U/S),Progress care form for Referral Hospitals,CUS(Cranial U/S),Yes,Yes,,,,CUS(Cranial U/S),8944ccbf-a9ca-445b-a9bb-40c58e033336
Neonatal Care Form/QYJKpoUeg9F,Progress care form for Referral Hospitals :: Echo  ref prog,Progress care form for Referral Hospitals,Echo  ref prog,No,No,,,,Echo,d3915901-7021-40d7-ac70-03e7b12df217
Neonatal Care Form/QYJKpoUeg9F,Progress care form for Referral Hospitals :: Echo  ref prog,Progress care form for Referral Hospitals,Echo  ref prog,Yes,Yes,,,,Echo,d3915901-7021-40d7-ac70-03e7b12df217
Neonatal Care Form/QYJKpoUeg9F,Progress care form for Referral Hospitals :: Iron supplement,Progress care form for Referral Hospitals,Iron supplement,No,No,,,,Iron supplement,ae2d2f9c-9eb0-4a5b-b4be-43f37b0fc739
Neonatal Care Form/QYJKpoUeg9F,Progress care form for Referral Hospitals :: Iron supplement,Progress care form for Referral Hospitals,Iron supplement,Yes,Yes,,,,Iron supplement,ae2d2f9c-9eb0-4a5b-b4be-43f37b0fc739
Neonatal Care Form/QYJKpoUeg9F,Progress care form for Referral Hospitals :: IV  Line Present,Progress care form for Referral Hospitals,IV  Line Present,No,No,,,,IV  Line Present,3def193c-ea6c-4b9a-ac76-0503fda1c3cd
Neonatal Care Form/QYJKpoUeg9F,Progress care form for Referral Hospitals :: IV  Line Present,Progress care form for Referral Hospitals,IV  Line Present,Yes,Yes,,,,IV  Line Present,3def193c-ea6c-4b9a-ac76-0503fda1c3cd
Neonatal Care Form/QYJKpoUeg9F,Progress care form for Referral Hospitals :: NPO/Open drainage,Progress care form for Referral Hospitals,NPO/Open drainage,No,No,,,,NPO/Open drainage,762280b8-74c9-4adc-ada4-7c2d58f4592a
Neonatal Care Form/QYJKpoUeg9F,Progress care form for Referral Hospitals :: NPO/Open drainage,Progress care form for Referral Hospitals,NPO/Open drainage,Yes,Yes,,,,NPO/Open drainage,762280b8-74c9-4adc-ada4-7c2d58f4592a
Neonatal Care Form/QYJKpoUeg9F,Progress care form for Referral Hospitals :: TSB/D   or TCB,Progress care form for Referral Hospitals,TSB/D   or TCB,TCB,TCB,,,,TSB/D   or TCB,13f7ae4c-b07f-42c7-9fea-047a2fc65734
Neonatal Care Form/QYJKpoUeg9F,Progress care form for Referral Hospitals :: TSB/D   or TCB,Progress care form for Referral Hospitals,TSB/D   or TCB,TSB/D,TSB/D,,,,TSB/D   or TCB,13f7ae4c-b07f-42c7-9fea-047a2fc65734
Neonatal Care Form/QYJKpoUeg9F,Progress care form for Referral Hospitals :: Vomiting ref prog,Progress care form for Referral Hospitals,Vomiting ref prog,No,No,,,,Vomiting,d30c539f-def6-48df-a77d-3f27b52732bd
Neonatal Care Form/QYJKpoUeg9F,Progress care form for Referral Hospitals :: Vomiting ref prog,Progress care form for Referral Hospitals,Vomiting ref prog,Yes,Yes,,,,Vomiting,d30c539f-def6-48df-a77d-3f27b52732bd
Maternal Inpatient Data/aLoraiFNkng,PROM chart :: Foul smelling discharge PROM,PROM chart,Foul smelling discharge PROM,No,No,,,,Foul smelling discharge,fbf3777d-8e56-403d-a561-136d0dadf251
Maternal Inpatient Data/aLoraiFNkng,PROM chart :: Foul smelling discharge PROM,PROM chart,Foul smelling discharge PROM,Yes,Yes,,,,Foul smelling discharge,fbf3777d-8e56-403d-a561-136d0dadf251
Maternal Inpatient Data/aLoraiFNkng,PROM chart :: Uterine tenderness PROM,PROM chart,Uterine tenderness PROM,No,No,,,,Uterine tenderness,37d6b051-77ac-494d-9e2d-ffc179574f5a
Maternal Inpatient Data/aLoraiFNkng,PROM chart :: Uterine tenderness PROM,PROM chart,Uterine tenderness PROM,Yes,Yes,,,,Uterine tenderness,37d6b051-77ac-494d-9e2d-ffc179574f5a
Maternal Inpatient Data/aLoraiFNkng,Stillbirth Evaluation :: Adherent Clot,Stillbirth Evaluation,Adherent Clot,No,No,,,,Adherent Clot?,d8293f1d-5f0d-4c26-94d0-8b13d1c9d4ef
Maternal Inpatient Data/aLoraiFNkng,Stillbirth Evaluation :: Adherent Clot,Stillbirth Evaluation,Adherent Clot,Yes,Yes,,,,Adherent Clot?,d8293f1d-5f0d-4c26-94d0-8b13d1c9d4ef
Maternal Inpatient Data/aLoraiFNkng,Stillbirth Evaluation :: Cord Around Body,Stillbirth Evaluation,Cord Around Body,No,No,,,,Cord Around Body?,73441164-25fd-4cad-8068-0d9c767b6ba6
Maternal Inpatient Data/aLoraiFNkng,Stillbirth Evaluation :: Cord Around Body,Stillbirth Evaluation,Cord Around Body,Yes,Yes,,,,Cord Around Body?,73441164-25fd-4cad-8068-0d9c767b6ba6
Maternal Inpatient Data/aLoraiFNkng,Stillbirth Evaluation :: cord insertion central,Stillbirth Evaluation,cord insertion central,No,No,,,,Cord insertion central?,0a4d3df7-3a3a-4091-ab28-77c9c580de33
Maternal Inpatient Data/aLoraiFNkng,Stillbirth Evaluation :: cord insertion central,Stillbirth Evaluation,cord insertion central,Yes,Yes,,,,Cord insertion central?,0a4d3df7-3a3a-4091-ab28-77c9c580de33
Maternal Inpatient Data/aLoraiFNkng,Stillbirth Evaluation :: Knots Present,Stillbirth Evaluation,Knots Present,No,No,,,,Knots Present?,f202da79-5f53-4927-bc9c-d59a47a7b490
Maternal Inpatient Data/aLoraiFNkng,Stillbirth Evaluation :: Knots Present,Stillbirth Evaluation,Knots Present,Yes,Yes,,,,Knots Present?,f202da79-5f53-4927-bc9c-d59a47a7b490
Maternal Inpatient Data/aLoraiFNkng,Stillbirth Evaluation :: Mode of stillbirth delivery,Stillbirth Evaluation,Mode of stillbirth delivery,Breech,Breech,,,,Mode of Delivery,54fdad49-555f-4c5c-9a2b-f6a76462e2a4
Maternal Inpatient Data/aLoraiFNkng,Stillbirth Evaluation :: Mode of stillbirth delivery,Stillbirth Evaluation,Mode of stillbirth delivery,Cesarean Delivery (CD),Cesarean Delivery (CD),,,,Mode of Delivery,54fdad49-555f-4c5c-9a2b-f6a76462e2a4
Maternal Inpatient Data/aLoraiFNkng,Stillbirth Evaluation :: Mode of stillbirth delivery,Stillbirth Evaluation,Mode of stillbirth delivery,Destructive,Destructive,,,,Mode of Delivery,54fdad49-555f-4c5c-9a2b-f6a76462e2a4
Maternal Inpatient Data/aLoraiFNkng,Stillbirth Evaluation :: Mode of stillbirth delivery,Stillbirth Evaluation,Mode of stillbirth delivery,Vaginal Delivery (VD),Vaginal Delivery (VD),,,,Mode of Delivery,54fdad49-555f-4c5c-9a2b-f6a76462e2a4
Maternal Inpatient Data/aLoraiFNkng,Stillbirth Evaluation :: Placenta Complete,Stillbirth Evaluation,Placenta Complete,No,No,,,,Placenta Complete?,a332f693-3f2c-4236-9d68-4e3a336b883f
Maternal Inpatient Data/aLoraiFNkng,Stillbirth Evaluation :: Placenta Complete,Stillbirth Evaluation,Placenta Complete,Yes,Yes,,,,Placenta Complete?,a332f693-3f2c-4236-9d68-4e3a336b883f
Maternal Inpatient Data/aLoraiFNkng,Stillbirth Evaluation :: Placenta Shape,Stillbirth Evaluation,Placenta Shape,Bilobed,Bilobed,,,,Placenta Shape,ccd54cac-3c29-41ca-b3a4-28172f6ed3de
Maternal Inpatient Data/aLoraiFNkng,Stillbirth Evaluation :: Placenta Shape,Stillbirth Evaluation,Placenta Shape,Discoid,Discoid,,,,Placenta Shape,ccd54cac-3c29-41ca-b3a4-28172f6ed3de
Maternal Inpatient Data/aLoraiFNkng,Stillbirth Evaluation :: Placenta Shape,Stillbirth Evaluation,Placenta Shape,Oval,Oval,,,,Placenta Shape,ccd54cac-3c29-41ca-b3a4-28172f6ed3de
Maternal Inpatient Data/aLoraiFNkng,Stillbirth Evaluation :: Thrombosis Observed,Stillbirth Evaluation,Thrombosis Observed,No,No,,,,Thrombosis Observed?,ae525afa-3b33-4669-9656-a246aed757cd
Maternal Inpatient Data/aLoraiFNkng,Stillbirth Evaluation :: Thrombosis Observed,Stillbirth Evaluation,Thrombosis Observed,Yes,Yes,,,,Thrombosis Observed?,ae525afa-3b33-4669-9656-a246aed757cd
Maternal Inpatient Data/aLoraiFNkng,Stillbirth Evaluation :: Wharton’s Jelly present,Stillbirth Evaluation,Wharton’s Jelly present,No,No,,,,Wharton’s Jelly present?,174af7a5-1bd2-4950-b446-eebb92ae4198
Maternal Inpatient Data/aLoraiFNkng,Stillbirth Evaluation :: Wharton’s Jelly present,Stillbirth Evaluation,Wharton’s Jelly present,Yes,Yes,,,,Wharton’s Jelly present?,174af7a5-1bd2-4950-b446-eebb92ae4198
Maternal Inpatient Data/aLoraiFNkng,TOLAC CHART :: Abdominal Tenderness VBAC,TOLAC CHART,Abdominal Tenderness VBAC,Absent,Absent,,,,Abdominal Tenderness,4395bfb3-41d3-426b-8d34-72c9273b9b43
Maternal Inpatient Data/aLoraiFNkng,TOLAC CHART :: Abdominal Tenderness VBAC,TOLAC CHART,Abdominal Tenderness VBAC,Present,Present,,,,Abdominal Tenderness,4395bfb3-41d3-426b-8d34-72c9273b9b43
Maternal Inpatient Data/aLoraiFNkng,TOLAC CHART :: Contraction Type VBAC,TOLAC CHART,Contraction Type VBAC,Irregular,Irregular,,,,Contraction (Type),47fed209-ab1a-4413-a054-048899d93877
Maternal Inpatient Data/aLoraiFNkng,TOLAC CHART :: Contraction Type VBAC,TOLAC CHART,Contraction Type VBAC,None,None,,,,Contraction (Type),47fed209-ab1a-4413-a054-048899d93877
Maternal Inpatient Data/aLoraiFNkng,TOLAC CHART :: Contraction Type VBAC,TOLAC CHART,Contraction Type VBAC,Regular,Regular,,,,Contraction (Type),47fed209-ab1a-4413-a054-048899d93877
Maternal Inpatient Data/aLoraiFNkng,TOLAC CHART :: Vaginal bleeding VBAC,TOLAC CHART,Vaginal bleeding VBAC,Mild,Mild,,,,Vaginal bleeding,ebeba3c1-78a7-4344-924b-93236cf9280c
Maternal Inpatient Data/aLoraiFNkng,TOLAC CHART :: Vaginal bleeding VBAC,TOLAC CHART,Vaginal bleeding VBAC,Moderate,Moderate,,,,Vaginal bleeding,ebeba3c1-78a7-4344-924b-93236cf9280c
Maternal Inpatient Data/aLoraiFNkng,TOLAC CHART :: Vaginal bleeding VBAC,TOLAC CHART,Vaginal bleeding VBAC,None,None,,,,Vaginal bleeding,ebeba3c1-78a7-4344-924b-93236cf9280c
Maternal Inpatient Data/aLoraiFNkng,TOLAC CHART :: Vaginal bleeding VBAC,TOLAC CHART,Vaginal bleeding VBAC,Severe,Severe,,,,Vaginal bleeding,ebeba3c1-78a7-4344-924b-93236cf9280c
